institute	id_number	project	higher_group	family	genus	species	standard	buffer	mean1	mean2	cv1	cv2	ratio	ave_sample	ave_standard	gs_pg_2c	gs_pg_1c	x1c_gbp	cv_sample	cv_standard	sd_r_sample	measured_by	date	d_to_l_specimen_id	previous_estimate_2c_prime	comments_on_d_to_l_sample	x28	x29	x30	x31	x32	primary
Offsite	MC9059	DTOL	Angiosperm	Simaroubaceae	Ailanthus	altissima	<Petro	GPB3%PVPBmet	276.66	520.7	2.96	2.42	1.881	314.13	589.73	2.4	1.2	1.17	2.79	2.76	0.023	Sahr Mian	27/08/2020	KDTOL10063	2.08 (2013)	Sanger - low DNA yield	NA	NA	NA	NA	NA	1
Offsite	MC9060	DTOL	Angiosperm	Asteraceae	Ciceribita	muralis	<Pisum	GPB3%PVPBmet	281.96	651.13	2.9	2.45	2.309	294.7366667	669.9933333	4	2	1.96	2.87	2.39	0.033	Sahr Mian	28/08/2020	KDTOL10064	4 (2002)*	NA	NA	NA	NA	NA	NA	1
RBGE	DB1412	DTOL	Bryophyte	Plagiomniaceae	Plagiomnium	undulata	<Petro	GPB3%PVPBmet	231.3	470.63	2.55	2.92	4.063	240.22	479.8433333	2.25	1.13	1.1	2.94	2.83	0.136	Sahr Mian	27/08/2020	NA	NA	NA	NA	NA	NA	NA	NA	1
RBGK	MC9075	DTOL	Angiosperm	Ranunculaceae	Pulsatilla	vulgaris	<Allium	GPB3%PVPBmet	220.96	298.85	2.93	2.11	1.353	225.5133333	303.12	25.96	12.98	12.69	2.94	2.17	0.008	Sahr Mian	3/9/2020	KDTOL10080	34.8 (2005)* Kew prev estimate 27.14	NA	NA	NA	NA	NA	NA	1
RBGK	MC9091	DTOL	Monilophyte	Aspleniaceae	Asplenium	ruta - muraria	>Pisum	OXPRO	225.97	323.84	3.02	3.96	1.433	343.5433333	238.87	13.07	6.54	6.39	3.82	3.45	0.009	Sahr Mian	8/9/2020	KDTOL10097	13.40 (2015)*  16.94  (2010)	Sanger - low DNA yield	NA	NA	NA	NA	NA	1
RBGK	MC9097	DTOL	Angiosperm	Sapindaceae	Acer	campastre	<Petro	GPB3%PVPBmet	154.87	437.7	3.52	2.94	2.826	159.0066667	442.6833333	1.62	0.81	0.79	2.94	2.7	0.037	Sahr Mian	9/9/2020	KDTOL10103	1.3, 2.70 (2010)* 1.41 (2013)	NA	NA	NA	NA	NA	NA	1
RBGE	DB1427	DTOL	Bryophyte	Bryaceae	Bryum	aplinum	<Solanum	GPB3%PVPBmet	134.22	451.62	3.46	2.43	3.365	136.81	452.39	1.19	0.59	0.58	3.4	2.4	0.050	Sahr Mian	1/10/2020	NA	none, genus est. 1.18-1.85	NA	NA	NA	NA	NA	NA	1
RBGE	DB1428	DTOL	Bryophyte	Bryaceae	Bryum	julaceum	<Solanum	GPB3%PVPBmet	253.46	610.85	3.25	2.86	3.365	268.94	638.11	0.83	0.41	0.4	3.21	2.86	0.050	Sahr Mian	20/10/10	NA	genus est 1.18-1.85	NA	NA	NA	NA	NA	NA	1
RBGE	DB1441	DTOL	Bryophyte	NA	Didymodon	insulanus	<Oryza	OXPRO	172.23	507.48	3.6	2.82	2.946	185.59	533.18	0.7	0.35	0.34	3.41	3.6	0.061	Sahr Mian	20/10/20	NA	-	NA	NA	NA	NA	NA	NA	1
RBGE	DB1446	DTOL	Bryophyte	NA	Porella	cordeana	<Solanum	GPB3%PVPBmet	231.92	327.71	4.9	3	1.413	238.49	338.94	2.76	1.38	1.35	4.42	3.23	0.010	Sahr Mian	7/10/2020	NA	genus estimate 1.68-2.65	NA	NA	NA	NA	NA	NA	1
RBGE	DB1450	DTOL	Bryophyte	NA	Pulvigera	lyelii	<Solanum	OXPRO	165.24	456.32	3.88	2.8	2.761	167.32	457.23	0.72	0.36	0.35	3.97	3.21	0.040	Sahr Mian	8/10/2020	NA	-	NA	NA	NA	NA	NA	NA	1
RBGE	DB1454	DTOL	Bryophyte	NA	Palustriella	commutata	<Oryza	GPB3%PVPBmet	192.02	528.43	3.6	2.54	2.752	205.0266667	554.2266667	0.74	0.37	0.36	3.2	2.61	0.043	Sahr Mian	22/10/20	NA	-	NA	NA	NA	NA	NA	NA	1
RBGE	DB1460	DTOL	Bryophyte	NA	Neckera	crispa	<Solanum	GPB3%PVPBmet	154.18	581.57	3.77	2.83	3.772	167.37	612.8	1.07	0.54	0.53	3.51	2.68	0.097	Sahr Mian	20/10/20	NA	0.99	NA	NA	NA	NA	NA	NA	1
RBGE	DB1503	DTOL	Bryophyte	NA	Neckera	crispa	<Oryza	GPB3%PVPBmet	107.51	211.36	2.66	4.6	1.966	111.04	216.29	1.03	0.51	0.5	6.67	4.12	0.030	Sahr Mian	24/03/2021	NA	1	NA	NA	NA	NA	NA	NA	1
RBGE	DB1461	DTOL	Bryophyte	NA	Tritomaria	quinquedentata	<Solanum	GPB3%PVPBmet	302.92	471.45	2.33	2.23	1.556	313.48	471.56	2.61	1.3	1.27	2.39	2.19	0.014	Sahr Mian	21/10/20	NA	2.39	NA	NA	NA	NA	NA	NA	1
RBGE	DB1476	DTOL	Bryophyte	NA	Plagiothecium	undulatum	<Solanum	GPB3%PVPBmet	364.22	686.69	3.89	3.15	1.885	383.43	709.04	1.06	0.53	0.52	3.89	2.96	0.036	Sahr Mian	4/11/2020	NA	0.94	NA	NA	NA	NA	NA	NA	1
RBGE	DB1489	DTOL	Bryophyte	NA	Dicranum	scorparium	>Oryza	GPB3%PVPBmet	234.5	342.82	3.97	3.98	1.462	353.1866667	243.35	1.45	0.73	0.71	3.71	3.87	0.011	Sahr Mian	17/03/2021	NA	1.45	NA	NA	NA	NA	NA	NA	1
RBGE	DB1486	DTOL	Bryophyte	NA	Bryum	capillare	<Solanum	GPB3%PVPBmet	246.25	479.21	4.61	2.87	1.947	260.78	511.26	1	0.5	0.49	4.14	2.88	0.021	Sahr Mian	17/03/2021	NA	1.08	NA	NA	NA	NA	NA	NA	1
RBGE	DB1490	DTOL	Bryophyte	NA	Orthocaulis	floerkei	<Solanum	OXPRO	129.02	413.66	5.07	2.41	3.206	135.5	427.67	1.24	0.62	0.61	4.69	2.72	0.045	Sahr Mian	17/03/2021	NA	-	NA	NA	NA	NA	NA	NA	1
RBGE	DB1492	DTOL	Bryophyte	NA	Fissidens	sp.	<Oryza	GPB3%PVPBmet	103.49	210.29	3.14	3.75	2.032	107.36	221.86	0.97	0.48	0.47	6.67	4.12	0.056	Sahr Mian	24/03/2021	NA	0.56-1.28	NA	NA	NA	NA	NA	NA	1
RBGE	DB1500	DTOL	Bryophyte	NA	Jungermannia	eucordifolia	<Oryza	OXPRO	185.35	510.65	5.13	3.12	2.755	189.95	514.65	0.74	0.37	0.36	6.67	4.12	0.064	Sahr Mian	24/03/2021	NA	0.79	NA	NA	NA	NA	NA	NA	1
RBGK	MC9140	DTOL	Angiosperm	Brassicaceae	Capsella	bursa-pastrois	<Solanum	GPB3%PVPBmet	87.1	346.01	4.53	2.88	3.973	89.17666667	360.7233333	0.49	0.25	0.24	4.53	3.63	0.073	Sahr Mian	07/04/2021	KDTOL10158	0.80	NA	NA	NA	NA	NA	NA	1
RBGE	DB1505	DTOL	Bryophyte	NA	Rhynchostegium	riparoides	<Oryza	OXPRO	170.74	397.73	5.03	2.92	2.333	179.06	420.49	0.85	0.43	0.42	6.67	4.12	0.015	Sahr Mian	13/04/2021	NA	0.76	NA	NA	NA	NA	NA	NA	1
RBGK	NA	DTOL	Angiosperm	Rosaceae	Malus	domestica 'Tower of Glamis'	<Petro	OXPRO	109.46	189.45	4.13	3.6	1.731	106.53	189.42	2.53	1.27	1.24	3.39	3.34	0.051	Sahr Mian	26/04/2021	KDTOL10203	NA	NA	NA	NA	NA	NA	NA	1
RBGK	NA	DTOL	Angiosperm	Rosaceae	Malus	domestica 'Lord Burghley'	<Petro	OXPRO	102.4	269.08	3.72	3.15	2.628	103.35	280.18	1.66	0.83	0.81	3.45	3	0.079	Sahr Mian	26/04/2021	KDTOL10201	NA	NA	NA	NA	NA	NA	NA	1
RBGK	NA	DTOL	Angiosperm	Rosaceae	Malus	domestica 'Irish Peach'	<Petro	OXPRO	107.46	292.85	3.42	2.2	2.725	105.99	282.39	1.69	0.84	0.83	3.65	2.7	0.070	Sahr Mian	26/04/2021	KDTOL10202	NA	NA	NA	NA	NA	NA	NA	1
RBGK	NA	DTOL	Angiosperm	Rosaceae	Malus	domestica 'Costard'	<Petro	OXPRO	128.07	347.89	2.48	2.57	2.716	125.73	333.71	1.7	0.85	0.83	2.86	2.67	0.062	Sahr Mian	26/04/2021	KDTOL10204	NA	NA	NA	NA	NA	NA	NA	1
RBGK	NA	DTOL	Angiosperm	Rosaceae	Malus	domestica 'Killerton Sweet'	<Petro	OXPRO	211.44	375.43	3.77	3.68	2.716	213.28	384.77	2.49	1.25	1.22	3.88	2.95	0.062	Sahr Mian	26/04/2021	KDTOL10200	NA	NA	NA	NA	NA	NA	NA	1
RBGK	MC9158	DTOL	Angiosperm	Amaryllidaceae	Allium	ampeloprasum var babingtonii	>Allium	GPB3%PVPBmet	128.03	381.51	3.95	3.29	2.98	373.74	126.46	103.11	51.56	50.42	3.48	3.97	0.021	Sahr Mian	28/04/2021	KDTOL10176	59.90	Potential Tetraploid	NA	NA	NA	NA	NA	1
RBGE	DB1523	DTOL	Bryophyte	NA	Tetraplodon	mnoides	>Oryza	OXPRO	146.14	344.57	4.49	4.11	2.358	365.19	158.53	2.3	1.15	1.13	3.71	3.87	0.049	Sahr Mian	29/04/2021	NA	-	Difficult sample, few nuclei	NA	NA	NA	NA	NA	1
RBGE	DB1524	DTOL	Bryophyte	NA	Sarmentypnum	Sarmentosum	<Oryza	GPB3%PVPBmet	141.35	338.4	6.11	4.04	2.393	143.53	348.6	0.82	0.41	0.4	6.67	4.12	0.034	Sahr Mian	29/04/2021	NA	-	NA	NA	NA	NA	NA	NA	1
RBGE	DB1518	DTOL	Bryophyte	NA	Pellia	endiviifolia	>Oryza	OXPRO	107.67	410.86	4.4	3.95	3.816	426.2	113.42	7.52	3.76	3.68	3.71	3.87	0.050	Sahr Mian	29/04/2021	NA	3.66 (1C)	NA	NA	NA	NA	NA	NA	1
RBGK	MC9161	DTOL	Angiosperm	Euphorbiaceae	Mercurialis	perennis (male)	>Petro	OXPRO	219.77	312.74	2.73	3.19	1.423	328.7	236.05	6.27	3.13	3.06	3.26	3.03	0.035	Sahr Mian	06/05/2021	KDTOL10179	3.05	Tetraploid	NA	NA	NA	NA	NA	1
RBGK	MC9162	DTOL	Angiosperm	Euphorbiaceae	Mercurialis	perennis (female)	>Petro	OXPRO	229.09	316.34	3.23	3.95	1.423	323.36	239.97	6.06	3.03	2.97	4.06	3.5	0.035	Sahr Mian	06/05/2021	KDTOL10180	3.05	Tetraploid	NA	NA	NA	NA	NA	1
RBGE	NA	DTOL	Bryophyte	NA	Linularia	cruciata	<Solanum	Galbraith	133.71	359.94	3.71	2.32	3.49	133.97	359.5	1.49	0.75	0.73	6.67	4.12	0.071	Sahr Mian	8/10/2020	NA	-	NA	NA	NA	NA	NA	NA	1
RBGK	MC9173	DTOL	Angiosperm	Caryophyllaceae	Silene	latifolia subsp. alba	<Pisum	OXPRO	146.28	210.44	2.89	2.8	1.439	152.71	219.62	6.32	3.16	3.09	2.36	2.66	0.015	Sahr Mian	10/05/2021	KDTOL10191	5.4	NA	NA	NA	NA	NA	NA	1
RBGK	MC9175	DTOL	Angiosperm	Rosaceae	Crataeus	monogyna	<Petro	OXPRO	144.31	364.8	4.5	2.91	2.528	145.99	370.36	1.77	0.89	0.87	4.32	2.77	0.673	Sahr Mian	10/05/2021	KDTOL10193	1.52	NA	NA	NA	NA	NA	NA	1
RBGE	DB1529	DTOL	Bryophyte	NA	Heterocladum	heteropterum	<Oryza	OXPRO	172.9	428.54	4.54	3.65	2.479	174.32	438.61	0.79	0.4	0.39	6.67	4.12	0.034	Sahr Mian	11/05/2021	NA	-	NA	NA	NA	NA	NA	NA	1
RBGE	DB1534	DTOL	Bryophyte	NA	Isopterygiopsis	pulchella	<Oryza	OXPRO	163.74	391.59	8.45	4.5	2.45	167.76	415.36	0.81	0.4	0.4	6.67	4.12	0.109	Sahr Mian	11/05/2021	NA	-	NA	NA	NA	NA	NA	NA	1
RBGE	DB1535	DTOL	Bryophyte	NA	Andrea	hookeri	<Oryza	OXPRO	119.57	445.07	3.46	3.89	3.712	122.27	456.42	0.54	0.27	0.26	6.67	4.12	0.015	Sahr Mian	12/05/2021	NA	-	NA	NA	NA	NA	NA	NA	1
RBGE	DMR9	DTOL	Angiosperm	Primulaceae	Primula	scotia	>Petro	GPB3%PVPBmet	110.67	193.09	3.05	2.73	1.745	194.85	112.33	7.81	3.9	3.82	2.99	3.26	0.009	Robyn Powell	12/05/2021	NA	-	NA	NA	NA	NA	NA	NA	1
RBGK	MC9182	DTOL	Angiosperm	Fabaceae	Vicia	sativa subsp. nigra	<Pisum	OXPRO	204.34	436.5	3.96	3.1	2.136	214.2	453.52	4.29	2.15	2.1	3.51	3.36	0.018	Sahr Mian	18/05/2021	KDTOL10205	4.50	NA	NA	NA	NA	NA	NA	1
RBGK	MC9193	DTOL	Angiosperm	Rosaceae	Sorbus	anglica	<Petro	OXPRO	245.13	355.28	4.08	3.94	1.449	248.16	367.95	3.03	1.52	1.48	3.89	3.72	0.257	Sahr Mian	18/05/2021	KDTOL10216	2.9	NA	NA	NA	NA	NA	NA	1
RBGK	MC9194	DTOL	Angiosperm	Rosaceae	Sorbus	aria	<Petro	OXPRO	240.56	345.68	3.63	3.69	1.437	240.82	350.58	3.09	1.55	1.51	3.43	3.62	0.021	Sahr Mian	18/05/2021	KDTOL10217	1.48	NA	NA	NA	NA	NA	NA	1
RBGK	MC9195	DTOL	Angiosperm	Rosaceae	Sorbus	rupicola	<Petro	OXPRO	219.21	507.23	3.74	2.68	2.314	226.52	543.02	1.88	0.94	0.92	3.25	2.74	0.094	Sahr Mian	18/05/2021	KDTOL10218	3.07	NA	NA	NA	NA	NA	NA	1
RBGK	MC9196	DTOL	Angiosperm	Rosaceae	Sorbus	devoniensis	<Petro	OXPRO	200.06	547.7	4.81	3.83	2.738	210.3	590.59	1.6	0.8	0.78	3.89	3.53	0.084	Sahr Mian	18/05/2021	KDTOL10219	3.15	NA	NA	NA	NA	NA	NA	1
RBGE	DMR17	DTOL	Angiosperm	Asteraceae	Artemisia	absinthum	<Pisum	GPB3%PVPBmet	207.51	470.83	2.96	3	2.796	211.13	475.62	4.04	2.02	1.97	2.89	2.61	0.033	Sahr Mian	19/05/2021	NA	9.42 (previous estimate polyploid)	NA	NA	NA	NA	NA	NA	1
Wellcome	NA	DTOL	Angiosperm	Rosaceae	Malus	domestica 'Newton's apple'	<Petro	GPB3%PVPBmet	233.63	413.26	4.48	3.45	1.769	242.63	405.62	2.69	1.35	1.32	3.58	3.08	0.030	Sahr Mian	19/05/2021	NA	NA	NA	NA	NA	NA	NA	NA	1
RBGE	NA	DTOL	Angiosperm	Rosaceae	Malus	Domestica 'Brown Snout'	<Petro	OXPRO	156.13	417.67	5.26	2.85	2.675	165.14	441.77	1.68	0.84	0.82	3.38	2.42	0.031	Sahr Mian	03/06/2021	NA	NA	NA	NA	NA	NA	NA	NA	1
RBGE	NA	DTOL	Angiosperm	Rosaceae	Malus	Domestica 'Blenheim Orange'	<Petro	OXPRO	213.96	394.66	4.43	2.46	1.845	228.26	409.21	2.51	1.26	1.23	4.11	2.58	0.048	Sahr Mian	03/06/2021	NA	NA	NA	NA	NA	NA	NA	NA	1
RBGE	NA	DTOL	Angiosperm	Rosaceae	Malus	Domestica 'Kingston Black'	<Petro	OXPRO	148.08	399.17	4.14	2.28	2.696	158.65	416.71	1.71	0.86	0.84	3.83	2.62	0.065	Sahr Mian	03/06/2021	NA	NA	NA	NA	NA	NA	NA	NA	1
RBGE	NA	DTOL	Angiosperm	Rosaceae	Malus	Domestica 'Breakwells seedling'	<Petro	OXPRO	148.63	397.48	6.06	3.58	2.674	153.35	417.13	1.65	0.83	0.81	4.54	3.29	0.063	Sahr Mian	03/06/2021	NA	NA	NA	NA	NA	NA	NA	NA	1
RBGE	NA	DTOL	Angiosperm	Rosaceae	Malus	Domestica 'Park Farm Pippin'	<Petro	OXPRO	160.52	412.13	4.18	2.38	2.547	166.34	424.78	1.76	0.88	0.86	4.23	2.55	0.006	Sahr Mian	03/06/2021	NA	NA	NA	NA	NA	NA	NA	NA	1
RBGE	NA	DTOL	Angiosperm	Rosaceae	Malus	Domestica 'Worcester Pearman'	<Petro	OXPRO	145.69	400.75	4.02	2.18	2.751	158.7	422.21	1.69	0.85	0.83	3.33	2.3	0.076	Sahr Mian	03/06/2021	NA	NA	NA	NA	NA	NA	NA	NA	1
RBGE	NA	DTOL	Angiosperm	Rosaceae	Malus	Domestica 'Asmeads Kernel'	<Petro	OXPRO	217.5	395.64	3.84	2.01	1.819	225.28	403.94	2.51	1.25	1.23	3.8	2.11	0.028	Sahr Mian	03/06/2021	NA	NA	NA	NA	NA	NA	NA	NA	1
RBGE	NA	DTOL	Angiosperm	Rosaceae	Malus	Domestica 'Fiesta'	<Petro	OXPRO	138.22	380.77	3.77	2.12	2.755	141.61	384.82	1.66	0.83	0.81	4.26	2.21	0.041	Sahr Mian	03/06/2021	NA	NA	NA	NA	NA	NA	NA	NA	1
RBGE	NA	DTOL	Angiosperm	Rosaceae	Malus	Domestica 'Decio'	<Petro	OXPRO	137.11	366.41	5.5	3.23	2.672	144.94	384.51	1.7	0.85	0.83	4.57	3.55	0.020	Sahr Mian	03/06/2021	NA	NA	NA	NA	NA	NA	NA	NA	1
RBGE	NA	DTOL	Angiosperm	Rosaceae	Malus	Domestica 'Robusta 5'	<Petro	OXPRO	146.38	401.81	3.16	2.54	2.745	161.09	444.16	1.63	0.82	0.8	2.78	2.42	0.042	Sahr Mian	03/06/2021	NA	NA	NA	NA	NA	NA	NA	NA	1
RBGE	DMR23	DTOL	Angiosperm	Ericaceae	Loiseleuria	procumbens	<Petro	OXPRO	152.02	472.07	5.71	3.34	3.105	158.73	509.62	1.4	0.7	0.69	4.71	3.41	0.106	Sahr Mian	04/06/2021	NA	-	NA	NA	NA	NA	NA	NA	1
RBGE	DMR27	DTOL	Angiosperm	Polygonaceae	Reynoutria	sachalinensis	>Solanum	OXPRO	144.48	311.5	3.09	2.67	2.156	315.56	146.33	4.31	2.16	2.11	2.79	2.91	0.005	Sahr Mian	08/06/2021	NA	-	NA	NA	NA	NA	NA	NA	1
RBGE	DMR28	DTOL	Angiosperm	Salicaceae	Poplus	tremula	<Solanum	OXPRO	233.25	422.6	4.8	4.64	1.809	239.43	442.07	1.08	0.54	0.53	4.53	3.88	0.071	Sahr Mian	08/06/2021	NA	0.90	NA	NA	NA	NA	NA	NA	1
RBGE	DMR41	DTOL	Angiosperm	Plantaginaceae	Veronica	serpylifolia	<Solanum	OXPRO	166.96	369.42	3.39	2.21	2.213	170.07	378.15	0.9	0.45	0.44	3.42	2.83	0.071	Sahr Mian	10/06/2021	NA	0.88	NA	NA	NA	NA	NA	NA	1
RBGE	DB1551	DTOL	Bryophyte	NA	Pseudobryum	cinchoides	>Oryza	OXPRO	212.37	475.05	3.51	3.38	2.234	481.84	216.48	4.45	2.23	2.18	3.71	3.87	0.013	Sahr Mian	02/06/2021	NA	NA	NA	NA	NA	NA	NA	NA	1
RBGE	DB1557	DTOL	Bryophyte	NA	Bryum	pallens	>Oryza	OXPRO	315.19	694.3	3.59	3.11	2.203	711.07	328.63	2.16	1.08	1.06	3.71	3.87	0.012	Sahr Mian	02/06/2021	NA	NA	NA	NA	NA	NA	NA	NA	1
RBGE	DB1563	DTOL	Bryophyte	Stereodontaceae	Sterodon	callichrous	<Oryza	OXPRO	149.26	393.93	3.77	2.48	2.639	143.76	381.68	0.75	0.38	0.37	6.67	4.12	0.017	Sahr Mian	17/06/2021	NA	-	NA	NA	NA	NA	NA	NA	1
RBGE	DB1573	DTOL	Bryophyte	Climaciaceae	Climaceum	dendroides	<Oryza	OXPRO	181.54	354.11	3.5	3.02	1.951	178.03	343.28	1.04	0.52	0.51	6.67	4.12	0.044	Sahr Mian	17/06/2021	NA	1c=0.46	NA	NA	NA	NA	NA	NA	1
RBGE	DB1560	DTOL	Bryophyte	Marchantiaceae	Marchantia	polymorpha subsp. motivagans	<Oryza	OXPRO	135.31	335.36	6	4.7	2.478	136.67	355.61	0.77	0.38	0.38	6.67	4.12	0.118	Sahr Mian	17/06/2021	NA	1c= 0.29	NA	NA	NA	NA	NA	NA	1
RBGE	DMR48	DTOL	Angiosperm	Rosaceae	Potentilla	fruticose	<Solanum	GBP3%PVP	199.01	343.32	5.17	3.35	1.725	194.86	335.78	1.16	0.58	0.57	6.27	4.01	0.071	Sahr Mian	18/06/2021	NA	0.80	NA	NA	NA	NA	NA	NA	1
RBGE	DMR51	DTOL	Angiosperm	Tofieldiaceae	Tofielda	pusilla	<Petro	GBP3%PVP	116.35	310.62	5.3	2.82	2.67	121.99	317.32	1.73	0.87	0.85	4.96	2.45	0.068	Sahr Mian	18/06/2021	NA	-	NA	NA	NA	NA	NA	NA	1
RBGK	MC9199	DTOL	Angiosperm	Fabaceae	Astragulus	glycyphyllos	<Petro	OXPRO	76.86	202.77	3.31	2.42	2.638	79.2	205.91	1.73	0.87	0.85	3.73	2.69	0.037	Robyn Powell	23/06/2021	KDTOL10261	1.66	NA	NA	NA	NA	NA	NA	1
RBGE	DMR64	DTOL	Angiosperm	Scheuchzeriaceae	Scheuchzaria	palustris	<Solanum	OXPRO	241.11	385.41	3.63	2.56	1.598	261.68	409.59	1.28	0.64	0.62	3.37	2.63	0.071	Sahr Mian	25/06/2021	NA	-	NA	NA	NA	NA	NA	NA	1
RBGK	MC9230	DTOL	Angiosperm	Typhaceae	Sparghanium	erectum	<Petro	OXPRO	128.07	490.11	3.91	2.85	3.827	131.06	495.39	1.19	0.6	0.58	4.15	3.13	0.044	Robyn Powell	30/06/2021	KDTOL10294	-	NA	NA	NA	NA	NA	NA	1
RBGK	MC9220	DTOL	Angiosperm	Apiaceae	Eryngium	camptestre	<Petro	OXPRO	96.5	216.54	3.69	2.92	2.244	98.21	219.47	2.01	1.01	0.98	3.9	3.04	0.017	Robyn Powell	30/06/2021	KDTOL10284	-	NA	NA	NA	NA	NA	NA	1
RBGK	MC9223	DTOL	Angiosperm	Plumbaginaceae	Limonium	bivervosum	>Petro	OXPRO	112.9	187.18	3.64	2.21	1.658	284.32	175.24	7.3	3.65	3.57	2.91	3.07	0.027	Robyn Powell	30/06/2021	KDTOL10287	-	NA	NA	NA	NA	NA	NA	1
Wisley	NA	DTOL	Angiosperm	Rosaceae	Malus	domestica 'Bardsey'	<Petro	OXPRO	122.15	327.43	5.9	2.64	2.681	123.17	332.84	1.67	0.83	0.81	5.58	3.47	0.030	Robyn Powell	30/06/2021	NA	NA	NA	NA	NA	NA	NA	NA	1
Wisley	NA	DTOL	Angiosperm	Rosaceae	Malus	domestica 'Harvey'	<Petro	OXPRO	157.65	413.29	4.97	2.61	2.622	165	432.74	1.72	0.86	0.84	3.68	2.49	0.001	Robyn Powell	30/06/2021	NA	NA	NA	NA	NA	NA	NA	NA	1
RBGE	DMR68	DTOL	Fern ally	Equisetaceae	Equisetum	sylvaricum	>Pisum	OXPRO	96.55	283.51	3.32	5.74	2.937	283.51	96.55	26.69	13.35	13.05	5.74	3.32	#DIV/0!	Sahr Mian	24/06/2021	NA	25.78	NA	NA	NA	NA	NA	NA	1
RBGK	MC9233	DTOL	Angiosperm	NA	Arisitolochia	clematitis	<Solanum	GPB3%PVP	177.74	243.97	5.61	3.91	2.072	139.92	248.26	1.13	0.56	0.55	5.24	3.07	0.004	Robyn Powell	13/07/21	KDTOL10301	0.77	NA	NA	NA	NA	NA	NA	1
RBGE	DB1578	DTOL	Bryophyte	Hedwigiaceae	Hedwigia	stellatum	<Oryza	OXPRO	93.62	345.4	4.17	3.66	3.689	95.44	353.24	0.54	0.27	0.26	3.91	3.58	0.022	Sahr Mian	26/06/2021	NA	NA	NA	NA	NA	NA	NA	NA	1
RBGE	DB1582	DTOL	Bryophyte	Brachytheciaceae	Rhynchostegium	sp.	<Oryza	OXPRO	114.03	289.18	4.9	3.42	2.536	118.91	298.31	0.8	0.4	0.39	5.25	3.71	0.025	Sahr Mian	26/06/2021	NA	NA	NA	NA	NA	NA	NA	NA	1
RBGE	DB1586	DTOL	Bryophyte	Lepidoziaceae	Bazzania	sp.	<Solanum	OXPRO	173.1	437.4	6.17	2.96	2.527	176.59	446.14	1.58	0.79	0.77	5.45	3.18	0.003	Sahr Mian	26/06/2021	NA	NA	NA	NA	NA	NA	NA	NA	1
RBGE	DB1588	DTOL	Bryophyte	Scapaniaceae	Scapania	ornthopodioides	<Solanum	OXPRO	221.42	393.18	4.27	3.64	1.789	244.74	405.01	2.42	1.21	1.18	4.58	3.81	0.009	Sahr Mian	26/06/2021	NA	NA	NA	NA	NA	NA	NA	NA	1
RBGE	DB1593	DTOL	Bryophyte	Bartramiaceae	Bartramia	tricrenata	<Solanum	OXPRO	170.9	380.74	4.83	2.65	2.228	174.9	384.58	1.82	0.91	0.89	4.95	3.03	0.040	Sahr Mian	21/07/21	NA	NA	NA	NA	NA	NA	NA	NA	1
RBGK	MC9239	DTOL	Angiosperm	Orobanchaceae	Odontites	vernus subsp. serotinus	<Solanum	GPB3%PVP	144.6	236.37	3.44	3.18	1.635	152.74	251.81	1.21	0.61	0.59	3.19	3.47	0.041	Sahr Mian	27/07/21	KDTOL10307	-	NA	NA	NA	NA	NA	NA	1
RBGK	MC9238	DTOL	Angiosperm	Phytolaccaceae	Pytolacca	acinosa	>Petro	GPB3%PVP	265.91	376.96	3.3	3.5	1.438	392.63	283.94	6.22	3.11	3.04	3.01	3.43	0.041	Sahr Mian	27/07/21	KDTOL10306	2.52	polyploiid	NA	NA	NA	NA	NA	1
Sheffield	HHJBJMO49	DTOL	Angiosperm	Droseraceae	Drosera	rotundiflora	<Petro	GPB3%PVP	198.49	304.23	4.75	2.96	1.533	202.79	308.32	2.96	1.48	1.45	4.39	2.63	0.012	Sahr Mian	30/07/21	NA	-	NA	NA	NA	NA	NA	NA	1
RBGE	DMR95	DTOL	Angisperm	Apiaceae	Anglica	sylvestris	>Petro	GPB3%PVP	273.68	338.97	2.55	2.5	1.239	346.21	281.95	5.53	2.76	2.7	2.4	2.41	0.004	Sahr Mian	27/07/21	NA	-	NA	NA	NA	NA	NA	NA	1
RBGK	MV2411	DTOL	Angiosperm	Poaceae	Phleum	pratense subsp. bertolonii	>Solanum	GPB3%PVP	200.28	333.59	3.52	2.47	1.666	344.37	208.37	3.31	1.65	1.62	2.27	3.06	0.011	Sahr Mian	03/08/21	KDTOL10324	3.40	NA	NA	NA	NA	NA	NA	1
BUXTON	NA	DTOL	Angiosperm	Cyperaceae	Carex	pulicans	<Solanum	GPB3%PVP	168.7	438.04	3.55	2.54	2.597	173.67	445.57	0.78	0.39	0.38	3.63	2.55	0.032	Sahr Mian	04/08/21	NA	0.64	NA	NA	NA	NA	NA	NA	1
RBGE	DMR110	DTOL	Angiosperm	Asteraceae	Centauria	nigra	>Solanum	GPB3%PVP	143.68	302.84	3.33	3.39	2.108	313.24	150.36	4.17	2.08	2.04	2.96	2.74	0.020	Sahr Mian	10/08/21	NA	2.24	polyploid	NA	NA	NA	NA	NA	1
RBGE	DMR114	DTOL	Angiosperm	Asteraceae	Centaurium	erythrea	<Petro	GPB3%PVP	175.5	340.32	3.83	2.77	1.939	182.95	350.91	2.35	1.17	1.15	3.34	2.53	0.018	Sahr Mian	11/08/21	NA	2.50	NA	NA	NA	NA	NA	NA	1
RBGK	MC9267	DTOL	Angiosperm	Apiaceae	Heliosciadium	nodoflorum	<Petro	GPB3%PVP	152.42	360.24	3.59	2.7	2.363	158.26	369.27	1.93	0.96	0.94	3.55	2.67	0.033	Sahr Mian	16/08/21	KDTOL10349	-	NA	NA	NA	NA	NA	NA	1
RBGK	MC9262	DTOL	Fern	Aspleniaceae	Asplenium	trichomanes subsp quadrivalens	>Pisum	Ebihara	121.39	249.09	2.93	4.44	2.052	257.25	126.15	18.54	9.27	9.06	4.75	3.17	0.018	Sahr Mian	16/08/21	KDTOL10343	18.11	NA	NA	NA	NA	NA	NA	1
RBGE	DMR78	DTOL	Angiosperm	Juncaginceae	Juncus	trifidus	<Solanum	GPB3%PVP	115.33	325.93	3.79	2.6	2.826	118.11	330.11	0.72	0.36	0.35	4.39	2.64	0.030	Sahr Mian	16/08/21	NA	-	NA	NA	NA	NA	NA	NA	1
RBGE	DMR48	DTOL	Angiosperm	Rosaceae	Potentilla	fruticosa	<Solanum	GPB3%PVP	208.73	351.04	3.92	2.87	1.676	210.21	353.33	1.19	0.59	0.58	4.47	2.93	0.011	Sahr Mian	17/08/21	NA	0.80	NA	NA	NA	NA	NA	NA	1
RBGE	NB004	DTOL	Bryophyte	Brachytheciaceae	Sciuro	hypnum-glaciale	<Oryza	OXPRO	108.67	215.73	3.13	2.76	1.985	111.31	219.84	1.01	0.51	0.5	3.4	2.9	0.016	Sahr Mian	26/08/21	NA	NA	NA	NA	NA	NA	NA	NA	1
RBGK	SM45	DTOL	Angiosperm	Chenopodiaceae	Beta	maritima	<Petro	GPB3%PVP	197.59	275.54	2.96	2.45	1.394	222.36	308.15	3.25	1.62	1.59	3.16	2.53	0.015	Sahr Mian	08/09/2021	KDTOL10389	2.60	NA	NA	NA	NA	NA	NA	1
RBGK	MC9300	DTOL	Angiosperm	Chenopodiaceae	Salicornia	ramossisima	<Petro	GPB3%PVP	193.24	332.22	4.19	2.86	1.719	196	343.3	2.57	1.28	1.26	4.42	2.43	0.045	Sahr Mian	08/09/2021	KDTOL10391	(2.75) different species	NA	NA	NA	NA	NA	NA	1
RBGK	MC9302	DTOL	Angiosperm	Chenopodiaceae	Atriplex	portulacoides	<Petro	GPB3%PVP	200.81	311.96	3.18	2.22	1.553	206.26	321.74	2.88	1.44	1.41	2.87	1.88	0.012	Sahr Mian	08/09/2021	KDTOL10396	1.83	NA	NA	NA	NA	NA	NA	1
RBGE	DMR151	DTOL	Angiosperm	Poaceae	Ammophila	arenaria	>Petro	GPB3%PVP	221.18	441.84	3	2.56	1.998	448.33	225.58	8.94	4.47	4.37	2.43	2.8	0.010	Sahr Mian	14/09/2021	NA	7.80	NA	NA	NA	NA	NA	NA	1
RBGK	MC9261	DTOL	Angiosperm	Iridaceae	Crocosmia	Crocosmia x crocosmiiflora	<Petro	GPB3%PVP	188.74	371.74	3.29	2.46	1.097	197.24	382.33	2.32	1.16	1.14	3.1	2.3	0.478	Sahr Mian	14/09/2021	NA	1.12	polyploid	NA	NA	NA	NA	NA	1
RBGE	DB1623	DTOL	Bryophyte	Cephaloziaceae	Cephalozia	curvifolia	<Oryza	OXPRO	165.39	288.11	4.61	3.98	1.742	165.39	288.11	1.15	0.57	0.56	4.61	3.98	#DIV/0!	Sahr Mian	17/11/21	NA	NA	Only one repeat available	NA	NA	NA	NA	NA	1
RBGE	DB1636	DTOL	Bryophyte	Aongstroemiaceae	Dichodontium	pellucidium	<Oryza	GPB3%PVP	111.41	397.91	5.61	4.02	3.572	113.22	418.69	0.54	0.27	0.26	5.87	3.72	0.118	Sahr Mian	14/12/21	NA	NA	NA	NA	NA	NA	NA	NA	1
RBGE	DB1635	DTOL	Bryophyte	Anastrophyllaceae	Neoorthocaulis	attenatus	<Solanum	GPB3%PVP	99.88	242.05	4.22	3.28	2.429	102.23	245.64	1.66	0.83	0.81	4.36	3.12	0.023	Sahr Mian	14/12/21	NA	NA	NA	NA	NA	NA	NA	NA	1
RBGE	DB1642	DTOL	Bryophyte	Notothyladaceae	Phaeoceros	laevis	<Oryza	GPB3%PVP	113.52	636.77	9.88	2.82	5.609	115.1	660.01	0.35	0.17	0.17	8	2.79	0.181	Sahr Mian	16/02/2022	NA	0.24 (1C)	Difficult sample, use previous estimate	NA	NA	NA	NA	NA	1
RBGE	DB1640	DTOL	Bryophyte	Orthotrichaceae	Lewinskya	affinis	<Oryza	GPB3%PVP	161.34	467.52	4.56	4.8	2.898	165.13	496.33	0.67	0.33	0.33	4.86	3.98	0.062	Sahr Mian	16/02/2022	NA	NA	NA	NA	NA	NA	NA	NA	1
RBGE	DB1641	DTOL	Bryophyte	Pottiaceae	Syntrichia	papillosa	>Oryza	GPB3%PVP	459.71	549.71	5.11	3.55	NA	562.15	470.36	2.39	1.2	1.17	5.03	3.77	#DIV/0!	Sahr Mian	16/02/2022	NA	NA	NA	NA	NA	NA	NA	NA	1
RBGE	DB1643	DTOL	Bryophyte	Bryaceae	Ptychostomum	moravicum	<Solanum	OXPRO	210.25	385.75	3.09	2.87	1.835	216.11	395.2	2.19	1.09	1.07	3.57	3.16	0.010	Sahr Mian	23/02/2022	NA	NA	NA	NA	NA	NA	NA	NA	1
RBGE	DB1644	DTOL	Bryophyte	Brachytheciaceae	Rhynchostegiella	tenella	<Oryza	OXPRO	122.03	322.78	4.62	4.27	2.645	126.73	339.51	0.75	0.37	0.37	3.49	3.13	0.037	Sahr Mian	23/02/2022	NA	NA	NA	NA	NA	NA	NA	NA	1
RBGE	DB1646	DTOL	Bryophyte	Cryphaeaceae	Cryphaea	heteromalla	<Oryza	OXPRO	97.89	353.28	6.57	4.62	3.609	104.18	375.52	0.55	0.28	0.27	5.28	4.03	0.005	Sahr Mian	23/02/2022	NA	NA	NA	NA	NA	NA	NA	NA	1
RBGE	DB1647	DTOL	Bryophyte	Metzgeriaceae	Metzgeria	violacea	<Oryza	OXPRO	130.04	344.99	6.93	3.69	2.653	130.46	349.37	0.75	0.37	0.37	6.13	4.15	0.027	Sahr Mian	23/02/2022	NA	NA	NA	NA	NA	NA	NA	NA	1
RBGE	DB1648	DTOL	Bryophyte	Plagiotheciaceae	Pseudotaxiphyllum	elegans	<Oryza	OXPRO	135.6	361.91	4.79	4.09	2.669	141.72	375.48	0.75	0.38	0.37	5.31	4.33	0.022	Sahr Mian	23/02/2022	NA	NA	NA	NA	NA	NA	NA	NA	1
RBGE	DB1649	DTOL	Bryophyte	Hypnaceae	Hypnum	jutlandicum	<Oryza	OXPRO	148.31	330.84	6.65	4.5	2.231	160.82	359.68	0.89	0.45	0.44	6.28	3.67	0.021	Sahr Mian	23/02/2022	NA	NA	NA	NA	NA	NA	NA	NA	1
RBGE	DB1651	DTOL	Bryophyte	Mniaceae	Plagiomnium	ellipticum	>Oryza	OXPRO	146.58	610.58	6.51	3.87	4.166	637.77	152.62	4.18	2.09	2.04	5.68	4.33	0.018	Sahr Mian	23/02/2022	NA	NA	2C peak measured	NA	NA	NA	NA	NA	1
RBGE	DB1653	DTOL	Bryophyte	Saccogynaceae	Saccogyna	viticulosa	<Oryza	OXPRO	215.72	309.65	4.56	4.01	1.435	216.63	314.79	1.38	0.69	0.67	4.91	4.14	0.022	Sahr Mian	16/03/2022	NA	NA	NA	NA	NA	NA	NA	NA	1
RBGE	DB1654	DTOL	Bryophyte	Grimmiaceae	Racomitrium	aquaticum	<Oryza	OXPRO	142.41	485.06	4.27	4.46	3.406	144.6	497.26	0.58	0.29	0.28	4.43	4.1	0.046	Sahr Mian	16/03/2022	NA	NA	NA	NA	NA	NA	NA	NA	1
RBGE	DB1655	DTOL	Bryophyte	Leucobryaceae	Leucobryum	juniperoideum	<Solanum	OXPRO	216.99	434.84	2.78	2.87	2.004	226.72	453.68	1	0.5	0.49	2.8	2.72	0.014	Sahr Mian	16/03/2022	NA	NA	2C measured	NA	NA	NA	NA	NA	1
RBGE	DB1658	DTOL	Bryophyte	Amblystegiaceae	Cratoneuron	filicinum	<Oryza	OXPRO	144.83	442.35	4.46	3.47	3.054	151.42	452.24	0.67	0.33	0.33	4.47	4.08	0.058	Sahr Mian	16/03/2022	NA	NA	NA	NA	NA	NA	NA	NA	1
RBGE	DB1660	DTOL	Bryophyte	Leucobryaceae	Dicranodontium	denudatum	<Oryza	OXPRO	115.97	370.78	4.99	4.28	3.197	119.46	383.71	0.62	0.31	0.3	4.89	4.03	0.013	Sahr Mian	16/03/2022	NA	NA	NA	NA	NA	NA	NA	NA	1
RBGE	DB1661	DTOL	Bryophyte	Lepidoziaceae	Bazzania	trilobata	<Solanum	OXPRO	253.92	447.05	4.89	3.26	1.761	257.17	456.19	2.25	1.13	1.1	4.96	3.15	0.016	Sahr Mian	16/03/2022	NA	NA	NA	NA	NA	NA	NA	NA	1
RBGE	DB1662	DTOL	Bryophyte	Sphagnaceae	Sphagnum	palustre	<Solanum	OXPRO	226.53	437.77	3.92	3.33	1.933	231.09	447.45	2.07	1.03	1.01	3.94	3.53	0.006	Sahr Mian	16/03/2022	NA	NA	NA	NA	NA	NA	NA	NA	1
RBGE	DB1663	DTOL	Bryophyte	Sphagnaceae	Sphagnum	girgensohnii	<Oryza	OXPRO	222.52	415.33	4.46	3.74	1.866	226.86	425.24	1.07	0.53	0.52	5.09	4.1	0.007	Sahr Mian	17/03/2022	NA	NA	NA	NA	NA	NA	NA	NA	1
RBGE	DB1665	DTOL	Bryophyte	Dicranaceae	Dicranum	scottianum	<Oryza	OXPRO	242.15	350.65	3.9	4.43	1.448	260.38	377.47	1.38	0.69	0.67	3.95	3.9	0.016	Sahr Mian	17/03/2022	NA	NA	NA	NA	NA	NA	NA	NA	1
RBGE	DB1667	DTOL	Bryophyte	Anthocerotaceae	Anthoceros	punctatus	<Oryza	OXPRO	176.51	490.74	10.56	4.89	2.78	176.51	490.74	0.36	0.18	0.18	10.56	4.89	#DIV/0!	Sahr Mian	17/03/2022	NA	NA	2C measured?	NA	NA	NA	NA	NA	1
RBGE	DB1669	DTOL	Bryophyte	Lepidoziaceae	Lepidozia	cupressina	<Oryza	OXPRO	232.64	316.72	3.88	3.59	1.361	238.02	327.25	1.45	0.73	0.71	3.81	4.14	0.012	Sahr Mian	17/03/2022	NA	NA	NA	NA	NA	NA	NA	NA	1
RBGE	DB1670	DTOL	Bryophyte	Neckeraceae	Neckera	complanata	<Oryza	OXPRO	205.13	412.66	4.03	3.92	2.012	211.7	426.32	0.99	0.5	0.49	4.35	3.82	0.004	Sahr Mian	17/03/2022	NA	NA	NA	NA	NA	NA	NA	NA	1
RBGE	DB1672	DTOL	Bryophyte	Calligeronaceae	Calligeron	cordifolium	<Oryza	OXPRO	245.61	388.13	4.79	3.9	1.58	258.85	404.79	0.64	0.32	0.31	4.33	3.91	0.014	Sahr Mian	17/03/2022	NA	NA	2C measured	NA	NA	NA	NA	NA	1
RBGE	DB1674	DTOL	Bryophyte	Archidiaceae	Archidium	alternifolium	<Oryza	OXPRO	141.15	245.33	4.35	5.13	1.738	142.84	250.16	1.14	0.57	0.56	4.18	4.08	0.018	Sahr Mian	17/03/2022	NA	NA	NA	NA	NA	NA	NA	NA	1
Sterling	P556-5	DTOL	Angiosperm	Scrophulariaceae	Mimulus	guttatus	<Solanum	OXPRO	129.72	329.67	3.62	2.52	2.541	133.84	336.3	0.8	0.4	0.39	3.46	2.76	0.027	Sahr Mian	15/03/2022	NA	NA	NA	NA	NA	NA	NA	NA	1
Sterling	P556-3	DTOL	Angiosperm	Scrophulariaceae	Mimulus	guttatus	<Solanum	OXPRO	139.48	331.01	4.46	2.93	2.373	142.61	335.96	0.85	0.42	0.42	4.54	3.28	0.027	Sahr Mian	15/03/2022	NA	NA	NA	NA	NA	NA	NA	NA	1
Sterling	10-QUA-65-1	DTOL	Angiosperm	Scrophulariaceae	Mimulus	guttatus	<Petro	GPB3%PVP	194.87	501.81	4.81	2.85	2.575	202.61	512.23	1.78	0.89	0.87	4.65	2.99	0.048	Sahr Mian	15/03/2022	NA	NA	Tetraploid	NA	NA	NA	NA	NA	1
Sterling	P554-3	DTOL	Angiosperm	Scrophulariaceae	Mimulus	luteus	<Solanum	OXPRO	228.36	307.59	4.82	4.75	1.347	233.22	313.44	1.49	0.74	0.73	4.11	4.62	0.004	Sahr Mian	15/03/2022	NA	NA	NA	NA	NA	NA	NA	NA	1
Sterling	P553-3	DTOL	Angiosperm	Scrophulariaceae	Mimulus	peregrinus	<Petro	GPB3%PVP	293.08	565.55	4.63	3.08	1.93	310.41	590.12	2.37	1.18	1.16	4.62	3.17	0.024	Sahr Mian	15/03/2022	NA	NA	NA	NA	NA	NA	NA	NA	1
RBGE	DMR155	DTOL	Angiosperm	Liliaceae	Gagea	lutea	>Allium	GBP3%PVP	325.03	413.87	2.95	3.19	1.273	420.97	330.66	44.42	22.21	21.72	3	2.85	0.000	Sahr Mian	24/03/2022	NA	39.50	NA	NA	NA	NA	NA	NA	1
RBGE	DMR157	DTOL	Angiosperm	Amaryllidaceae	Allium	paradoxum	>Allium	GBP3%PVP	300.04	476.87	3.85	3.4	1.589	490.12	309.25	55.3	27.65	27.04	3.27	3.72	0.006	Sahr Mian	24/03/2022	NA	53.50	NA	NA	NA	NA	NA	NA	1
RBGE	DMR158	DTOL	Angiosperm	Brassicaceae	Cardamine	hirsuta	<Solanum	LB01 1%PVP	291.29	564.91	4.48	4.26	1.939	290.49	563.2	0.52	0.26	0.25	4.27	3.84	0.008	Sahr Mian	NA	NA	0.46	4C peak measured	NA	NA	NA	NA	NA	1
RBGE	DMR156	DTOL	Angiosperm	Ericaceae	Rhododendron	ponticum	<Solanum	OXPRO	353.31	460.36	3.77	3.73	1.303	371.55	486.34	1.53	0.76	0.75	3.84	3.52	0.006	Sahr Mian	NA	NA	1.48	NA	NA	NA	NA	NA	NA	1
RBGK	MC9310	DTOL	Angiosperm	Liliaceae	Tulipa	sylvestris	>Allium	GBP3%PVP	120.19	386.18	3.2	3.01	3.213	387.41	122.09	110.71	55.35	54.14	2.93	3.14	0.040	Sahr Mian	NA	NA	90/120	NA	NA	NA	NA	NA	NA	1
RBGK	MC9311	DTOL	Angiosperm	Papaveraceae	Pseudofumaria	lutea	<Petro	GPB3%PVP	107.43	314.43	3.46	2.31	2.927	108.44	314.96	1.55	0.77	0.76	3.25	2.35	0.020	Sahr Mian	NA	NA	-	NA	NA	NA	NA	NA	NA	1
RBGK	MC9314	DTOL	Angiosperm	Boraginaceae	Symphytum	officinale	<Petro	GPB3%PVP	189.6	449.57	4.7	2.25	2.371	195.55	460.91	1.91	0.95	0.93	4.67	2.42	0.014	Sahr Mian	NA	NA	3.89 (poly plod prev est?)	NA	NA	NA	NA	NA	NA	1
RBGK	MC9312	DTOL	Angiosperm	Asparagales	Hyacinthoides	hispanica	>Allium	GBP3%PVP	215.41	315.92	4.33	4.77	1.461	313.8	216.14	50.65	25.33	24.77	4.69	4.56	0.012	Sahr Mian	NA	NA	50	NA	NA	NA	NA	NA	NA	1
RBGK	MC9312	DTOL	Angiosperm	Asteraceae	Senecio	squalidus	<Petro	GPB3%PVP	142.1	345.86	3.72	2.62	2.434	148.66	362.01	1.85	0.92	0.9	3.36	2.43	0.028	Sahr Mian	NA	NA	1.80	NA	NA	NA	NA	NA	NA	1
RBGK	MC9315	DTOL	Angiosperm	Asteraceae	Filago	vulgaris	<Petro	GPB3%PVP	156.15	326.09	3.83	3.01	2.088	160.53	332.29	2.17	1.09	1.06	3.81	2.98	0.025	Sahr Mian	NA	NA	1.41	polyploid? Triploid	NA	NA	NA	NA	NA	1
RBGE	DMR159	DTOL	Angiosperm	Betulaceae	Prunus	laurocerasus	>Petro	GPB3%PVP	224.29	405.34	2.85	2.98	1.807	421.61	235.16	8.07	4.03	3.95	3.09	2.87	0.015	Sahr Mian	NA	NA	7.30	NA	NA	NA	NA	NA	NA	1
RBGE	DMR160-1	DTOL	Angiosperm	Rosaceae	Potentilla	sterilis	<Petro	LB01,1%PVP	205.16	482.77	4.83	3.79	2.353	210.67	488.14	1.94	0.97	0.95	4.98	3.56	0.028	Sahr Mian	NA	NA	(0.46 - 3.5)	NA	NA	NA	NA	NA	NA	1
RBGE	DMR163	DTOL	Angiosperm	Asteraceae	Petasites	albus	>Petro	GPB3%PVP	300.82	423.44	2.65	2.99	1.408	436.6	312.34	6.29	3.15	3.08	3.16	2.94	0.009	Sahr Mian	NA	NA	1 - 6	NA	NA	NA	NA	NA	NA	1
RBGE	DMR164	DTOL	Angiosperm	Asteraceae	Petasites	japonicus	>Petro	GPB3%PVP	227.98	580.75	2.76	2.8	2.547	597.49	238.13	11.29	5.65	5.52	2.86	2.81	0.035	Sahr Mian	NA	NA	1 - 6	NA	NA	NA	NA	NA	NA	1
RBGE	DMR165	DTOL	Angiosperm	Asteraceae	Petasites	hybridus	>Petro	GPB3%PVP	308.49	446.17	4.05	4.19	1.446	464.16	323.18	6.46	3.23	3.16	3.96	3.56	0.008	Sahr Mian	NA	NA	-	NA	NA	NA	NA	NA	NA	1
RBGE	DMR161	DTOL	Angiosperm	Ranunculaceae	Anemone	nemorosa	>Pisum	GPB3%PVP	113.1	511.9	2.85	2.46	4.525	517.16	115.41	40.73	20.37	19.92	2.61	2.56	0.062	Sahr Mian	NA	NA	35.98	NA	NA	NA	NA	NA	NA	1
RBGK	MC9317	DTOL	Angiosperm	Iridaceae	Iris	foetidissima	>Pisum	GPB3%PVP	249.36	462.09	2.06	2.54	1.853	466.86	252.96	16.78	8.39	8.2	2.59	2.3	0.008	Sahr Mian	NA	NA	14.46	NA	NA	NA	NA	NA	NA	1
RBGK	MC9319	DTOL	Angiosperm	Lamiaceae	Lamium	galeobdolon	<Pisum	GPB3%PVP	305.29	429.2	3.8	2.95	1.406	310.07	432.83	6.51	3.26	3.18	3.32	2.38	0.009	Sahr Mian	NA	NA	6.50	NA	NA	NA	NA	NA	NA	1
RBGK	MC9323	DTOL	Angiosperm	Ranunculaceae	Caltha	palustris	>Pisum	GPB3%PVP	109.5	406.85	3.35	2.68	3.716	411.81	112.25	33.35	16.67	16.31	2.78	3.4	0.043	Sahr Mian	NA	NA	33	NA	NA	NA	NA	NA	NA	1
RBGK	MC9321	DTOL	Angiosperm	Asteraceae	Tragopogon	pratensis subsp. minor	<Pisum	GPB3%PVP	243.36	413.21	2.73	2.6	1.698	246.05	417.12	5.36	2.68	2.62	2.62	2.42	0.003	Sahr Mian	NA	NA	5.54	NA	NA	NA	NA	NA	NA	1
RBGK	MC9316	DTOL	Angiosperm	Caryophyllaceae	Stellaria	holostea	<Petro	GPB3%PVP	202.66	324.19	3.8	2.9	1.6	211.62	336.04	2.83	1.42	1.39	3.59	2.94	0.010	Sahr Mian	NA	NA	2.90	NA	NA	NA	NA	NA	NA	1
RBGK	MC9218	DTOL	Angiosperm	Brassicaceae	Cochlearia	danica	<Petro	GPB3%PVP	138.03	345.93	5.1	2.59	2.506	143.33	353.53	1.82	0.91	0.89	5.3	2.7	0.037	Sahr Mian	NA	NA	1.40	NA	NA	NA	NA	NA	NA	1
RBGK	MC9325	DTOL	Angiosperm	Poaceae	Poa	infirma	<Petro	GPB3%PVP	215.68	334.59	3.03	2.75	1.551	219.31	338.61	2.91	1.46	1.43	3.16	2.69	0.006	Sahr Mian	NA	NA	2.40	NA	NA	NA	NA	NA	NA	1
RBGK	MC9326	DTOL	Angiosperm	Juncaceae	Luzula	multiflora	<Solanum	GPB3%PVP	137.3	343.82	3.9	3.33	2.504	143.9	354.32	0.81	0.41	0.4	3.55	3.27	0.039	Sahr Mian	NA	NA	1.8 (prev est polyploid?)	NA	NA	NA	NA	NA	NA	1
RBGK	MC9320	DTOL	Angiosperm	Apiaceae	Oenanthe	pimpinelloides	<Solanum	GPB3%PVP	177.19	294.45	3.94	3.33	1.662	181.02	299.45	1.21	0.6	0.59	4.17	3.34	0.009	Sahr Mian	NA	NA	1.3	NA	NA	NA	NA	NA	NA	1
RBGK	MC9322	DTOL	Angiosperm	Poaceae	Melica	uniflora	>Solanum	GPB3%PVP	182.43	463.02	3.32	2.41	2.538	468.32	185.63	5.05	2.52	2.47	2.33	3.43	0.016	Sahr Mian	NA	NA	4.66 diff species	NA	NA	NA	NA	NA	NA	1
RBGK	MC9324	DTOL	Angiosperm	Plantaginaceae	Cymbalaria	muralis	<Solanum	OXPRO	213.55	391.08	4.98	3.19	1.831	218.17	401.75	1.09	0.54	0.53	4.86	3.39	0.016	Sahr Mian	NA	NA	0.98	NA	NA	NA	NA	NA	NA	1
RBGE	DMR166	DTOL	Angiosperm	Betulaceae	Alnus	incana	<Solanum	GPB3%PVP	255.61	383.36	4.85	4.12	1.5	270.33	409.19	1.32	0.66	0.65	4.58	4.1	0.018	Sahr Mian	NA	NA	1.13	NA	NA	NA	NA	NA	NA	1
RBGE	DMR167	DTOL	Angiosperm	Rosaceae	Prunus	padus	<Petro	GPB3%PVP	128.79	481.15	5.25	2.89	3.736	132.38	486.61	1.22	0.61	0.6	5.14	2.81	0.058	Sahr Mian	NA	NA	2.35	NA	NA	NA	NA	NA	NA	1
RBGE	DMR168	DTOL	Angiosperm	Papaveraceae	Fumaria	purpurea	<Petro	GPB3%PVP	204.45	413.43	4.77	2.42	2.022	207.65	415.73	2.25	1.12	1.1	5.15	2.63	0.026	Sahr Mian	NA	NA	NA	NA	NA	NA	NA	NA	NA	1
RBGK	MC9379	DTOL	Angiosperm	Papaveraceae	Fumaria	purpurea	<Petro	GPB3%PVP	149.69	307.05	3.48	2.67	2.051	151.71	309.98	2.2	1.1	1.08	3.49	2.75	0.011	Sahr Mian	NA	NA	NA	NA	NA	NA	NA	NA	NA	1
RBGE	DMR162	DTOL	Angiosperm	Saxafragaceae	Chrysosplenium	alternifolium	<Petro	GPB3%PVP	211.23	381.51	3.61	2.59	1.806	215.16	385.21	2.51	1.26	1.23	3.7	2.55	0.016	Sahr Mian	NA	NA	NA	NA	NA	NA	NA	NA	NA	1
RBGE	DMR170	DTOL	Angiosperm	Fabaceae	Cytisus	scorparius	<Petro	GPB3%PVP	191.2	383.63	3.98	2.86	2.006	193.65	386.79	2.25	1.13	1.1	3.88	2.73	0.009	Sahr Mian	NA	NA	NA	NA	NA	NA	NA	NA	NA	1
RBGE	DMR169	DTOL	Angiosperm	Apiaceae	Heracleum	sphondylium	<Pisum	GPB3%PVP	153.43	288.48	3.75	2.67	1.88	155.53	290.99	4.86	2.43	2.38	3.52	2.54	0.010	Sahr Mian	NA	NA	NA	NA	NA	NA	NA	NA	NA	1
RBGE	DMR172	DTOL	Angiosperm	Apiaceae	Aegopodium	podagraria	>Petro	GPB3%PVP	230.96	372.01	2.46	2.61	1.611	379.55	236.06	7.24	3.62	3.54	2.53	2.29	0.004	Sahr Mian	NA	NA	NA	NA	NA	NA	NA	NA	NA	1
RBGE	DMR175	DTOL	Angiosperm	Caryophyllaceae	Cerastium	arvense	<Petro	GPB3%PVP	153.62	238.6	2.64	2.65	1.553	154.21	238.95	2.9	1.45	1.42	2.88	2.64	0.006	Sahr Mian	NA	NA	NA	NA	NA	NA	NA	NA	NA	1
RBGE	DMR176	DTOL	Angiosperm	Geraniaceae	Erodium	cicutarium	<Petro	GPB3%PVP	148.87	295.84	3.68	2.48	1.987	154.44	306.82	2.27	1.13	1.11	3.31	2.41	0.005	Sahr Mian	NA	NA	NA	NA	NA	NA	NA	NA	NA	1
RBGE	DMR174	DTOL	Angiosperm	Fabaceae	Vicia	lathroides	<Pisum	GPB3%PVP	196.21	344.49	3.34	2.69	1.756	200.72	350.02	5.21	2.61	2.55	3.1	2.52	0.014	Sahr Mian	NA	NA	NA	NA	NA	NA	NA	NA	NA	1
RBGE	DMR173	DTOL	Angiosperm	Boraginaceae	Myosotis	ramosissima	<Solanum	GPB3%PVP	157.14	289.27	3.8	2.44	1.841	156.84	289.47	1.08	0.54	0.53	4.2	2.58	0.008	Sahr Mian	NA	NA	NA	NA	NA	NA	NA	NA	NA	1
RBGE	DMR171	DTOL	Angiosperm	Boraginaceae	Symphytum	tuberosum	<Pisum	GPB3%PVP	256.78	394.17	4.93	2.53	1.535	261.81	398.54	5.97	2.99	2.92	4.62	2.77	0.018	Sahr Mian	NA	NA	NA	NA	NA	NA	NA	NA	NA	1
RBGK	MC9327	DTOL	Angiosperm	Brassicaceae	Nasturtium	officinale	<Solanum	GPB3%PVP	149.14	352.82	3.92	2.95	2.366	156.42	364.27	0.86	0.43	0.42	3.28	2.58	0.038	Sahr Mian	NA	NA	NA	NA	NA	NA	NA	NA	NA	1
RBGK	MC9328	DTOL	Angiosperm	Poaceae	Catapodium	rigidum	>Petro	GPB3%PVP	226.51	349.89	2.46	2.6	1.545	353.06	228.56	6.95	3.48	3.4	2.57	2.74	0.004	Sahr Mian	NA	NA	NA	NA	NA	NA	NA	NA	NA	1
Sanger	MB2	DTOL	Angiosperm	Poaceae	Catapodium	rigidum	>Petro	GPB3%PVP	250.55	368.08	3.45	3.16	1.469	375.96	256.65	6.59	3.3	3.22	3.16	3.32	0.004	Sahr Mian	NA	NA	NA	NA	NA	NA	NA	NA	NA	1
RBGK	MC9335	DTOL	Angiosperm	Polygonaceae	Rumex	acetosella	<Pisum	GPB3%PVP	227.61	418.56	3.02	2.19	1.839	229.87	420.15	4.97	2.49	2.43	2.93	2.11	0.012	Sahr Mian	NA	NA	NA	NA	NA	NA	NA	NA	NA	1
RBGK	MC9337	DTOL	Angiosperm	Apiaceae	Conopodium	majus	<Petro	GPB3%PVP	188.74	480.18	4.66	3.34	2.544	192.83	489	1.77	0.89	0.87	4.29	2.82	0.013	Sahr Mian	NA	NA	NA	NA	NA	NA	NA	NA	NA	1
RBGK	MC9338	DTOL	Angiosperm	Rosaceae	Sorbus	bristoliensis	<Petro	GPB3%PVP	171.16	315.57	4.43	3.26	1.844	176.33	324.17	2.45	1.22	1.2	4.04	3.43	0.006	Sahr Mian	NA	NA	NA	NA	NA	NA	NA	NA	NA	1
RBGK	MC9329	DTOL	Angiosperm	Brassicaceae	Rorippa	sylvestris	<Solanum	GPB3%PVP	121.81	424.88	4.29	3.13	3.488	125.99	433.06	0.58	0.29	0.28	4.01	2.97	0.046	Sahr Mian	NA	NA	NA	NA	NA	NA	NA	NA	NA	1
RBGK	M9331	DTOL	Angiosperm	Plantaginaceae	Veronica	arvensis	<Solanum	GPB3%PVP	126.54	278.12	4.87	3.96	2.196	127.04	278.07	0.91	0.46	0.45	4.82	3.81	0.009	Sahr Mian	NA	NA	NA	NA	NA	NA	NA	NA	NA	1
RBGK	MC9333	DTOL	Angiosperm	Betulaceae	Betula	pendula	<Solanum	GPB3%PVP	195.15	379.49	5.63	4.42	1.945	196.1	379.9	1.03	0.52	0.5	6.37	4.45	0.011	Sahr Mian	NA	NA	NA	NA	NA	NA	NA	NA	NA	1
RBGK	MC9334	DTOL	Angiosperm	Fabaceae	Trifolium	subterraneum	<Solanum	GPB3%PVP	224.25	358.45	3.77	3.21	1.598	241.57	380.21	1.27	0.64	0.62	3.79	2.8	0.022	Sahr Mian	NA	NA	NA	NA	NA	NA	NA	NA	NA	1
RBGK	MC9336	DTOL	Angiosperm	Ulmaceae	Ulmus	procera	>Solanum	GPB3%PVP	199.52	377.93	4.75	4.06	1.894	389.07	206.85	3.76	1.88	1.84	3.85	4.01	0.014	Sahr Mian	NA	NA	NA	NA	NA	NA	NA	NA	NA	1
RBGK	MC9332	DTOL	Angiosperm	Poaceae	Bromus	hordaaceus	>Pisum	GPB3%PVP	206.94	485.82	2.67	2.36	2.348	489.19	208.48	21.33	10.66	10.43	2.06	2.52	0.002	Sahr Mian	NA	NA	NA	NA	NA	NA	NA	NA	NA	1
RBGK	MC9330	DTOL	Angiosperm	Amaryllidaceae	Allium	vineale	>Allium	GBP3%PVP	358.82	464.41	4.42	4.02	1.294	473.44	365.57	45.18	22.59	22.1	3.62	4.06	0.002	Sahr Mian	NA	NA	NA	NA	NA	NA	NA	NA	NA	1
Sanger	MB1	DTOL	Angiosperm	Asteraceae	Picris	hieracioides	<Petro	GPB3%PVP	170.31	316.19	2.79	1.67	1.857	174.4	321.71	2.44	1.22	1.19	2.82	1.9	0.013	Sahr Mian	NA	NA	NA	NA	NA	NA	NA	NA	NA	1
Sanger	MB3	DTOL	Angiosperm	Asteraceae	Erigeron	acris	<Petro	GPB3%PVP	208.8	303.13	3.93	3.16	1.452	210.37	303.98	3.11	1.56	1.52	3.47	2.88	0.007	Sahr Mian	NA	NA	NA	NA	NA	NA	NA	NA	NA	1
Sanger	MB4	DTOL	Angiosperm	Geraniaceae	Geranium	pusillum	<Petro	GPB3%PVP	142.54	333.25	3.95	2.19	2.338	149.21	345.34	1.94	0.97	0.95	3.35	2.01	0.020	Sahr Mian	NA	NA	NA	NA	NA	NA	NA	NA	NA	1
Sanger	MB5	DTOL	Angiosperm	Rosaceae	Rubus	ulmifolius	<Solanum	GPB3%PVP	129.36	314.3	4.64	3.31	2.43	133.27	323.08	0.82	0.41	0.4	4.29	3.22	0.006	Sahr Mian	NA	NA	NA	NA	NA	NA	NA	NA	NA	1
Sanger	MB6	DTOL	Angiosperm	Polygonaceae	Rumex	obtusifolius	<Petro	GPB3%PVP	181.89	290.09	3.62	2.82	1.595	191.85	301.59	2.86	1.43	1.4	3.49	2.66	0.022	Sahr Mian	NA	NA	NA	NA	NA	NA	NA	NA	NA	1
RBGE	DMR254	DTOL	Angiosperm	Polygonaceae	Rumex	obtusifolius	<Petro	GPB3%PVP	195.48	324.52	2.51	2.05	1.66	199.49	329.24	2.73	1.36	1.33	3	2.25	0.009	Sahr Mian	NA	NA	NA	NA	NA	NA	NA	NA	NA	1
Sanger	MB7	DTOL	Angiosperm	Asteaceae	Centauria	scabiosa	<Petro	GPB3%PVP	261.19	316.76	2.25	2.27	1.213	265.87	321.74	3.72	1.86	1.82	2.3	2.17	0.003	Sahr Mian	NA	NA	NA	NA	NA	NA	NA	NA	NA	1
Sanger	MB9	DTOL	Angiosperm	Poaceae	Poa	pratensis	>Petro	GPB3%PVP	213.85	329.06	2.64	2.83	1.539	338.55	219.93	6.93	3.46	3.39	2.58	2.47	0.002	Sahr Mian	NA	NA	NA	NA	NA	NA	NA	NA	NA	1
Sanger	MB11	DTOL	Angiosperm	Violaceae	Viola	arvensis	NO RESULT	NA	NA	NA	NA	NA	NA	NA	NA	NA	NA	NA	NA	NA	NA	NA	NA	NA	NA	NA	NA	NA	NA	NA	NA	1
Sanger	MB8	DTOL	Angiosperm	Poaceae	Elymus	repens	>Pisum	GPB3%PVP	197.38	497.84	2.74	2.49	2.522	505.75	201.11	22.86	11.43	11.18	2.41	2.63	0.009	Sahr Mian	NA	NA	NA	NA	NA	NA	NA	NA	NA	1
Sanger	MB10	DTOL	Angiosperm	Boraginaceae	Myosotis	arvense	>Solanum	GPB3%PVP	317.24	396.17	4.01	6.62	1.249	405.65	327.12	2.48	1.24	1.21	6.27	3.81	0.011	Sahr Mian	NA	NA	NA	NA	NA	NA	NA	NA	NA	1
RBGE	DMR177	DTOL	Angiosperm	Caprifoliaceae	Valerianella	locusta	<Solanum	GPB3%PVP	109.07	482.82	5.71	3.24	4.427	112.75	502.46	0.45	0.22	0.22	5.09	2.84	0.047	Sahr Mian	NA	NA	NA	NA	NA	NA	NA	NA	NA	1
RBGE	DMR178	DTOL	Angiosperm	Primulaceae	Primula	vulgaris (Thrum)	<Solanum	GPB3%PVP	165.49	310.18	3.88	3.87	1.874	169.92	319.83	1.06	0.53	0.52	3.42	3.42	0.010	Sahr Mian	NA	NA	NA	NA	NA	NA	NA	NA	NA	1
RBGE	DMR179	DTOL	Angiosperm	Primulaceae	Primula	vulgaris (Pin)	<Solanum	GPB3%PVP	159.42	289.1	4.66	3.33	1.813	162.75	300.5	1.08	0.54	0.53	4.51	3.46	0.033	Sahr Mian	NA	NA	NA	NA	NA	NA	NA	NA	NA	1
RBGE	DMR183	DTOL	Angiosperm	Primulaceae	Primula	veris (Thrum)	<Solanum	GPB3%PVP	159.03	306.78	4.48	3.59	1.929	164.15	324.5	1.01	0.51	0.49	4.16	3.31	0.048	Sahr Mian	NA	NA	NA	NA	NA	NA	NA	NA	NA	1
RBGE	DMR182	DTOL	Angiosperm	Primulaceae	Primula	veris (Pin)	<Solanum	GPB3%PVP	161.55	313.14	3.9	3.78	1.938	166.29	326.28	1.02	0.51	0.5	3.49	3.16	0.034	Sahr Mian	NA	NA	NA	NA	NA	NA	NA	NA	NA	1
RBGE	DMR184	DTOL	Angiosperm	Geraniaceae	Geranium	mole	<Solanum	GPB3%PVP	235.79	473.89	3.75	3.28	2.01	240.72	486.55	0.99	0.49	0.48	3.09	3.23	0.010	Sahr Mian	NA	NA	NA	NA	NA	NA	NA	NA	NA	1
RBGE	DMR185	DTOL	Angiosperm	Apiaceae	Conium	maculatum	<Petro	GPB3%PVP	248.33	353.98	3.32	2.84	1.425	263.33	372.54	3.18	1.59	1.56	3.01	2.7	0.009	Sahr Mian	NA	NA	NA	NA	NA	NA	NA	NA	NA	1
RBGE	DMR186	DTOL	Angiosperm	Lamiaceae	Ajuga	reptans	<Petro	GPB3%PVP	172.98	308.58	3.78	2.51	1.784	181.21	318.76	2.56	1.28	1.25	3.65	2.6	0.027	Sahr Mian	NA	NA	NA	NA	NA	NA	NA	NA	NA	1
RBGE	DMR187	DTOL	Angiosperm	Poaceae	Alopercurus	pratensis	>Pisum	GPB3%PVP	231.26	325.24	2.82	3.03	1.406	333.02	237.69	12.74	6.37	6.23	2.66	2.55	0.005	Sahr Mian	NA	NA	NA	NA	NA	NA	NA	NA	NA	1
RBGE	DMR178	DTOL	Angiosperm	Ranunculaceae	Ranuunculus	auricomus	>Pisum	GPB3%PVP	187.31	303.74	2.66	3.23	1.622	307.75	189.71	14.75	7.37	7.21	2.96	2.34	0.002	Sahr Mian	NA	NA	NA	NA	NA	NA	NA	NA	NA	1
RBGE	DB1679	DTOL	Bryophyte	Leucobryaceae	Dicranodontium	subporodictyon	<Oryza	GPB3%PVP	111.67	363.32	5.84	3.91	3.254	116.72	377.95	0.62	0.31	0.3	5.14	3.85	0.014	Sahr Mian	NA	NA	NA	NA	NA	NA	NA	NA	NA	1
RBGE	DB1683	DTOL	Bryophyte	Scapaniaceae	Scapania	undulata	<Oryza	GPB3%PVP	147.94	404.28	6.43	3.73	2.733	158.18	430.06	0.74	0.37	0.36	6.39	3.45	0.036	Sahr Mian	NA	NA	NA	NA	NA	NA	NA	NA	NA	1
RBGE	DB1684	DTOL	Bryophyte	Brachytheciaceae	Sciuro-hypnum	populeum	<Oryza	GPB3%PVP	152.75	347.45	4.53	3.57	2.275	155.74	353.6	0.88	0.44	0.43	4.52	3.7	0.004	Sahr Mian	NA	NA	NA	NA	NA	NA	NA	NA	NA	1
RBGE	DB1689	DTOL	Bryophyte	Sphagnaceae	Sphagnum	auriculatum	<Solanum	GPB3%PVP	156.87	355.43	3.79	2.91	2.266	163.77	368.21	0.89	0.44	0.43	3.68	2.8	0.017	Sahr Mian	NA	NA	NA	NA	NA	NA	NA	NA	NA	1
RBGE	DB1692	DTOL	Bryophyte	Aulacomniaceae	Aulocomnium	turdigum	<Oryza	GPB3%PVP	165.41	444.85	4.29	3.45	2.689	177.52	474.33	0.75	0.37	0.37	4.12	3.03	0.025	Sahr Mian	NA	NA	NA	NA	NA	NA	NA	NA	NA	1
RBGE	DB1696	DTOL	Bryophyte	Plagiochilaceae	Plagiochila	carringtonii	<Oryza	GPB3%PVP	435.98	505.87	4.6	2.87	1.16	444.11	517.33	1.72	0.86	0.84	4.63	2.93	0.005	Sahr Mian	NA	NA	NA	NA	NA	NA	NA	NA	NA	1
RBGE	DB1697	DTOL	Bryophyte	Hylocomiaceae	Hylocomiastrum	umbratum	<Oryza	GPB3%PVP	193.68	389.78	3.33	3.13	2.012	197.34	397.47	0.99	0.5	0.49	3.55	3.26	0.009	Sahr Mian	NA	NA	NA	NA	NA	NA	NA	NA	NA	1
RBGE	DB1699	DTOL	Bryophyte	Dicranaceae	Dicranum	fruscescens	<Oryza	GPB3%PVP	328.48	424	4.05	3.54	1.291	333.76	429.78	1.55	0.78	0.76	3.82	3.36	0.004	Sahr Mian	NA	NA	NA	NA	NA	NA	NA	NA	NA	1
RBGE	DB1698	DTOL	Bryophyte	Orthotrichaceae	Plenogemma	phyllantha	<Oryza	GPB3%PVP	140.64	422.54	5.37	3.03	3.005	146.06	438.43	0.67	0.33	0.33	5	3.26	0.008	Sahr Mian	NA	NA	NA	NA	NA	NA	NA	NA	NA	1
RBGE	DB1700	DTOL	Bryophyte	Frullaniaceae	Frullania	teneriffae	<Oryza	GPB3%PVP	267.92	421.22	3.5	3.21	1.633	268.73	432.28	1.24	0.62	0.61	3.3	3.02	0.008	Sahr Mian	NA	NA	NA	NA	NA	NA	NA	NA	NA	1
RBGE	DB1675	DTOL	Bryophyte	Cephaloziaceae	Odonotoschisma	sphagnii	<Oryza	GPB3%PVP	268.71	407.81	3.67	2.8	1.518	278.66	422.76	1.32	0.66	0.64	3.63	2.75	0.018	Sahr Mian	NA	NA	NA	NA	NA	NA	NA	NA	NA	1
RBGE	DB1676	DTOL	Bryophyte	Hylocomiaceae	Loeskeobryum	brevirostre	<Oryza	GPB3%PVP	192.11	384.18	3.49	3.75	2	199.32	404.45	0.99	0.49	0.48	3.58	3.9	0.025	Sahr Mian	NA	NA	NA	NA	NA	NA	NA	NA	NA	1
RBGE	DB1686	DTOL	Bryophyte	Rhabdoweisiaceae	Kiaeria	falcata	<Oryza	GPB3%PVP	301.53	422.9	4	3.55	1.403	311.39	445.17	0.7	0.35	0.34	3.79	3.65	0.023	Sahr Mian	NA	NA	NA	NA	NA	NA	NA	NA	NA	1
RBGE	DB1678	DTOL	Bryophyte	Lepidoziaceae	Kurzia	Trichoclados	<Oryza	GPB3%PVP	260.23	402.27	4	3.05	1.546	264.23	413.06	1.28	0.64	0.63	3.89	2.77	0.015	Sahr Mian	NA	NA	NA	NA	NA	NA	NA	NA	NA	1
RBGE	DB1677	DTOL	Bryophyte	Solenostomataceae	Solenostoma	paoicum	<Solanum	GPB3%PVP	255.72	459.89	5.17	3.3	1.798	266.04	480.22	2.22	1.11	1.08	5.05	3.14	0.007	Sahr Mian	NA	NA	NA	NA	NA	NA	NA	NA	NA	1
RBGE	DB1685	DTOL	Bryophyte	Pelliaceae	Pellia	neesiana	>Solanum	GPB3%PVP	193.96	413.49	3.9	3.5	2.132	420.98	199.81	8.43	4.21	4.12	3.59	3.77	0.023	Sahr Mian	NA	NA	NA	NA	NA	NA	NA	NA	NA	1
RBGE	DGL47392	DTOL	Bryophyte	Aneuraceae	Aneura	miribilis	>Petro	GPB3%PVP	225.13	496.8	3	3.02	2.207	502.53	228.48	19.79	9.9	9.68	3.11	3.01	0.007	Sahr Mian	NA	NA	NA	NA	NA	NA	NA	NA	NA	1
RBGE	DMR188	DTOL	Angiosperm	Caryophyllaceae	Silene	vulgaris	<Petro	GPB3%PVP	318.87	426.94	3.74	2.49	1.339	328.86	436.81	3.39	1.69	1.66	3.82	2.46	0.011	Sahr Mian	NA	NA	NA	NA	NA	NA	NA	NA	NA	1
RBGE	DMR191	DTOL	Angiosperm	Caryophyllaceae	Sabulina	verna	<Petro	GPB3%PVP	152.84	294.88	2.95	3.64	1.929	155.45	298.21	2.35	1.17	1.15	2.82	3.73	0.012	Sahr Mian	NA	NA	NA	NA	NA	NA	NA	NA	NA	1
RBGE	DMR189	DTOL	Angiosperm	Primulaceae	Primula	farinosa	>Solanum	GPB3%PVP	257.27	434.19	3.78	3.37	1.688	449.24	269.25	3.34	1.67	1.63	3.22	3.73	0.016	Sahr Mian	NA	NA	NA	NA	NA	NA	NA	NA	NA	1
RBGE	DMR192	DTOL	Angiosperm	Cistaceae	Helianthemum	oelandicum	>Solanum	EBIHARA	222.14	607.1	7.46	4.9	2.733	621.98	231.39	5.38	2.69	2.63	5.12	7.39	0.046	Sahr Mian	NA	NA	NA	NA	NA	NA	NA	NA	NA	1
RBGE	DMR190	DTOL	Angiosperm	Gentiaceae	Gentiana	verna	<Pisum	Galbraith	208.26	381.87	4.69	3.84	1.834	207.74	381.57	4.95	2.47	2.42	4.84	3.75	0.003	Sahr Mian	NA	NA	NA	NA	NA	NA	NA	NA	NA	1
RBGE	DMR193	DTOL	Angiosperm	Violaceae	Viola	lutea	<Pisum	Galbraith	269.68	364.26	5.71	4.62	1.351	269.13	363.65	6.73	3.36	3.29	5.61	4.39	0.003	Sahr Mian	NA	NA	NA	NA	NA	NA	NA	NA	NA	1
RBGK	MC9340	DTOL	Angiosperm	Rosaceae	Sanguisorba	officinalis	<Solanum	GPB3%PVP	174.58	304.31	7.04	5.85	1.743	174.87	305.18	1.15	0.57	0.56	6.73	5.81	0.003	Sahr Mian	NA	NA	NA	NA	NA	NA	NA	NA	NA	1
RBGK	MC9342	DTOL	Angiosperm	Poaceae	Poa	trivilais	>Solanum	GPB3%PVP	234.98	373.66	3.95	2.99	1.59	384.18	243.73	3.15	1.58	1.54	2.89	3.77	0.012	Sahr Mian	NA	NA	NA	NA	NA	NA	NA	NA	NA	1
RBGK	MC9343	DTOL	Angiosperm	Rosaceae	Alchemilla	micans	>Solanum	GPB3%PVP	241.86	445.89	4.38	3.54	1.844	451.44	248.23	3.64	1.82	1.78	3.49	4.22	0.011	Sahr Mian	NA	NA	NA	NA	NA	NA	NA	NA	NA	1
RBGK	MC9346	DTOL	Angiosperm	Haloragaceae	Myriophyllum	spicatum	<Petro	GPB3%PVP	223.64	501.27	5.18	3.61	2.241	233.57	513.59	2.05	1.02	1	5.25	3.37	0.039	Sahr Mian	NA	NA	NA	NA	NA	NA	NA	NA	NA	1
RBGK	MC9345	DTOL	Angiosperm	Haloragaceae	Myriophyllum	aquaticum	<Solanum	GPB3%PVP	305.15	412.91	5.57	3.73	1.353	311.76	420.44	1.48	0.74	0.73	5.61	3.12	0.004	Sahr Mian	NA	NA	NA	NA	NA	NA	NA	NA	NA	1
RBGK	MC9344	DTOL	Angioperm	Saxigragaceae	Saxifraga	hypnoides	<Petro	GPB3%PVP	224.86	331.37	4.88	2.98	2.241	236.06	345.73	3.07	1.54	1.5	4.09	2.43	0.039	Sahr Mian	NA	NA	NA	NA	NA	NA	NA	NA	NA	1
RBGK	MFAY	DTOL	Angiosperm	Orchidaceae	Cephalanthera	longifolia	>Pisum	GPB3%PVP	118.26	509	4.14	3.33	4.304	512.78	120.63	38.64	19.32	18.9	3.2	3.97	0.047	Sahr Mian	NA	NA	NA	NA	NA	NA	NA	NA	NA	1
RBGK	MC9339	DTOL	Angiosperm	Araceae	Arum	italicum	<Allium	GPB3%PVP	451.1	550.87	3.6	3.98	1.221	456.95	557.3066667	28.61	14.3	13.99	3.36	3.81	0.004	Sahr Mian	NA	NA	NA	NA	NA	NA	NA	NA	NA	1
RBGK	MC9341	DTOL	Angiosperm	Asteraceae	Leucanthemum	vulgare	<Allium	GPB3%PVP	294.67	480.45	3.15	3.62	1.63	304.48	492.6166667	21.57	10.78	10.55	2.68	3.3	0.011	Sahr Mian	NA	NA	NA	NA	NA	NA	NA	NA	NA	1
RBGK	MC9348	DTOL	Angiosperm	Urticaceae	Soleirolia	soleirolii	<Petro	GPB3%PVP	98.26	395.99	3.98	3.25	4.03	103.23	403.85	1.15	0.58	0.56	3.81	3	0.099	Sahr Mian	NA	NA	NA	NA	NA	NA	NA	NA	NA	1
RBGK	MC9350	DTOL	Angiosperm	Rosaceae	Potentilla	reptans	<Petro	GPB3%PVP	117.08	363.62	5.64	3.16	3.106	127.35	379.82	1.51	0.75	0.74	5.45	2.99	0.105	Sahr Mian	NA	NA	NA	NA	NA	NA	NA	NA	NA	1
RBGK	MC9353	DTOL	Angiosperm	Brassicaceae	Lepidium	didyrnum	<Petro	GPB3%PVP	90.06	426.21	3.96	3.02	4.733	95.25	455.09	0.94	0.47	0.46	3.62	2.9	0.008	Sahr Mian	NA	NA	NA	Endopolyploidy	NA	NA	NA	NA	NA	1
RBGK	MC9354	DTOL	Angiosperm	Asteraceae	Crepis	capillaris	>Solanum	GPB3%PVP	195.95	392.47	4.22	3.89	2.003	402.17	201.14	4	2	1.96	3.8	3.95	0.016	Sahr Mian	NA	NA	NA	NA	NA	NA	NA	NA	NA	1
RBGK	MC9349	DTOL	Angiosperm	Caryophyllaceae	Sagina	procumbens	<Solanum	GPB3%PVP	131.14	261.2	4.65	4.17	1.992	133.89	268.96	1	0.5	0.49	4.57	3.98	0.021	Sahr Mian	NA	NA	NA	NA	NA	NA	NA	NA	NA	1
RBGK	MC9352	DTOL	Angiosperm	Brassicaceae	Barbarea	vulgaris	<Petro	GPB3%PVP	153.28	521.72	3.3	2.48	3.404	155.88	524.44	1.34	0.67	0.65	3.6	2.37	0.036	Sahr Mian	NA	NA	NA	NA	NA	NA	NA	NA	NA	1
RBGK	MC9347	DTOL	Angiosperm	Papaveraceae	Ceratocapnos	claviculata	<Solanum	GPB3%PVP	115.17	331.86	3.8	3.79	2.882	116.55	336.08	0.69	0.35	0.34	3.63	3.57	0.003	Sahr Mian	NA	NA	NA	NA	NA	NA	NA	NA	NA	1
RBGK	MC9351	DTOL	Angiosperm	Brassicaceae	Sisymbrium	officinale	<Solanum	GPB3%PVP	118.98	341.67	4.86	3.67	2.872	120.69	346.58	0.7	0.35	0.34	4.53	3.75	0.005	Sahr Mian	NA	NA	NA	NA	NA	NA	NA	NA	NA	1
RBGE	DMR194	DTOL	Angiosperm	Cyperaceae	Carex	sylvatica	<Solanum	GPB3%PVP	135.84	307.92	3.91	3.22	2.267	144.92	321.92	0.9	0.45	0.44	4.11	3.1	0.042	Sahr Mian	NA	NA	NA	NA	NA	NA	NA	NA	NA	1
RBGE	DMR195	DTOL	Angiosperm	Plantaginaceae	Veronica	beccabunga	<Solanum	GPB3%PVP	265.12	343.37	4.95	3.62	1.295	273.07	352.69	1.55	0.77	0.76	4.74	3.23	0.005	Sahr Mian	NA	NA	NA	NA	NA	NA	NA	NA	NA	1
RBGE	DMR199	DTOL	Angiosperm	Cyperaceae	Carex	acutiformis	<Solanum	GPB3%PVP	150.67	291	4.63	3.34	1.931	158.4	302.73	1.05	0.52	0.51	4.7	3.1	0.017	Sahr Mian	NA	NA	NA	NA	NA	NA	NA	NA	NA	1
RBGE	DMR201	DTOL	Angiosperm	Apiaceae	Oenanthe	crocata	<Solanum	GPB3%PVP	232.05	353.04	3.99	3.05	1.521	243	368.1	1.32	0.66	0.65	3.83	3.04	0.006	Sahr Mian	NA	NA	NA	NA	NA	NA	NA	NA	NA	1
RBGE	DMR204	DTOL	Angiosperm	Cyperaceae	Carex	arenaria	<Solanum	GPB3%PVP	129.26	293.66	4.77	3.68	2.272	137.17	310.34	0.88	0.44	0.43	4.8	3.38	0.021	Sahr Mian	NA	NA	NA	NA	NA	NA	NA	NA	NA	1
RBGE	DMR197	DTOL	Angiosperm	Brassiaceae	Cardamine	amara	>Oryza	OXPRO	74.45	152.92	4.74	3.91	2.052	154.13	78.58	1.96	0.98	0.96	6.14	4.92	0.123	Sahr Mian	NA	NA	NA	severe endopolyploidy	NA	NA	NA	NA	NA	1
RBGE	DMR196	DTOL	Angiosperm	Fagaceae	Castanea	sativa	<Petro	GPB3%PVP	130.16	313.39	3.53	1.81	2.408	134.67	324.19	1.87	0.93	0.91	3.75	1.96	0.032	Sahr Mian	NA	NA	NA	NA	NA	NA	NA	NA	NA	1
RBGE	DMR198	DTOL	Angiosperm	Fabaceae	Vicia	sepium	>Petro	GPB3%PVP	205.33	380.35	3.65	3.43	1.852	387.56	210.58	8.28	4.14	4.05	3.16	3.5	0.013	Sahr Mian	NA	NA	NA	NA	NA	NA	NA	NA	NA	1
RBGE	DMR202	DTOL	Angiosperm	Plantaginaceae	Veronica	officinalis	<Petro	GPB3%PVP	162.1	315.82	3.43	2.87	1.948	165.82	320.36	2.33	1.16	1.14	3.28	2.73	0.016	Sahr Mian	NA	NA	NA	NA	NA	NA	NA	NA	NA	1
RBGE	DMR203	DTOL	Angiosperm	Fabaceae	Astragalus	danicus	<Petro	GPB3%PVP	143.16	214.14	3.38	2.76	1.496	144.04	215.57	3.01	1.5	1.47	3.49	2.78	0.004	Sahr Mian	NA	NA	NA	NA	NA	NA	NA	NA	NA	1
RBGE	DMR205	DTOL	Angiosperm	Fabaceae	Vicia	hirsuita	>Petro	GPB3%PVP	206.82	374.41	2.21	1.79	1.81	374.63	207.37	8.13	4.06	3.98	1.74	2.06	0.003	Sahr Mian	NA	NA	NA	NA	NA	NA	NA	NA	NA	1
RBGE	DMR206	DTOL	Angiosperm	Papaveraceae	Papaver	cambricum	>Petro	GPB3%PVP	195.42	309.1	3.67	2.82	1.582	315.04	200.5	7.07	3.54	3.46	2.78	3.35	0.011	Sahr Mian	NA	NA	NA	NA	NA	NA	NA	NA	NA	1
RBGE	DMR200	DTOL	Angiosperm	Ranunculaceae	Ranunculus	repens	<Allium	GPB3%PVP	195.27	346.67	2.96	3.94	1.775	199.57	353.31	19.71	9.85	9.64	2.67	3.6	0.004	Sahr Mian	NA	NA	NA	NA	NA	NA	NA	NA	NA	1
RBGE	SM51	DTOL	Angiosperm	Ranunculaceae	Adonis	annua	>Pisum	GPB3%PVP	167.71	588.98	3.48	3.1	3.47	602.23	175.01	31.28	15.64	15.3	2.57	2.96	0.040	Sahr Mian	NA	NA	NA	NA	NA	NA	NA	NA	NA	1
RBGK	MC9355	DTOL	Angiosperm	Salicaceae	Populus	nigra subsp. betulifolia	<Solanum	GPB3%PVP	137.46	264.86	4.75	3.01	1.927	140.64	269.69	1.04	0.52	0.51	4.71	3.36	0.008	Sahr Mian	NA	NA	NA	NA	NA	NA	NA	NA	NA	1
RBGK	MC9356	DTOL	Angiosperm	Asteraceae	Matricaria	discoidea	>Solanum	GPB3%PVP	180.78	423.83	3.65	3.17	2.344	427.63	184.67	4.63	2.32	2.26	3.65	3.82	0.027	Sahr Mian	NA	NA	NA	NA	NA	NA	NA	NA	NA	1
RBGK	MC9357	DTOL	Angiosperm	Asteraceae	Matricaria	chamomilla	>Petro	GPB3%PVP	367.94	492.7	2.95	2.74	1.339	503.48	377.59	6	3	2.93	2.74	2.94	0.006	Sahr Mian	NA	NA	NA	NA	NA	NA	NA	NA	NA	1
RBGK	MC9358	DTOL	Angiosperm	Amaranthaceae	Blitum	bonus-henricus	>Solanum	GPB3%PVP	325.41	420.49	3.04	3.19	1.292	432.27	335.71	2.58	1.29	1.26	3.04	3.06	0.004	Sahr Mian	NA	NA	NA	NA	NA	NA	NA	NA	NA	1
RBGK	MC9361	DTOL	Angiosperm	Plantaginaceae	Veronica	persica	<Petro	GPB3%PVP	170.7	450.57	4.11	2.5	2.639	174.71	455.57	1.73	0.86	0.84	4.25	2.52	0.028	Sahr Mian	NA	NA	NA	NA	NA	NA	NA	NA	NA	1
RBGK	MC9363	DTOL	Angiosperm	Cyperaceae	Carex	divulsa	<Solanum	GPB3%PVP	159.85	324.09	4.9	3.53	2.018	164.12	336.34	0.98	0.49	0.48	4.76	3.5	0.022	Sahr Mian	NA	NA	NA	NA	NA	NA	NA	NA	NA	1
RBGK	MC9359	DTOL	Angiosperm	Caprifoliaceae	Dipsacus	fullonum	>Petro	GPB3%PVP	313.99	483.89	2.75	2.6	1.541	496.48	324.84	6.88	3.44	3.36	2.4	2.69	0.012	Sahr Mian	NA	NA	NA	NA	NA	NA	NA	NA	NA	1
RBGK	MC9360	DTOL	Angiosperm	Fabaceae	Trifolium	repens	<Petro	GPB3%PVP	173.17	309.69	3.01	1.97	1.788	179.19	316.39	2.55	1.27	1.25	2.89	2.09	0.021	Sahr Mian	NA	NA	NA	NA	NA	NA	NA	NA	NA	1
RBGK	MC9364	DTOL	Angiosperm	Cistaceae	Tuberaria	guttata	>Petro	GPB3%PVP	252.67	438.69	2.9	2.82	1.736	435.2	250.97	7.8	3.9	3.82	3.21	3.27	0.003	Sahr Mian	NA	NA	NA	NA	NA	NA	NA	NA	NA	1
RBGK	MC9362	DTOL	Angiosperm	Poaceae	Festuca	myuros	<Solanum	GPB3%PVP	199.83	426.5	4.88	3.67	2.134	202.58	429.88	0.94	0.47	0.46	4.5	3.98	0.011	Sahr Mian	NA	NA	NA	NA	NA	NA	NA	NA	NA	1
RBGE	DMR207	DTOL	Angiosperm	Brassicaceae	Cardamine	raphanifolia	>Petro	GPB3%PVP	206.49	402.59	3.17	3.58	1.95	414.95	213.29	8.75	4.38	4.28	3.31	3.21	0.006	Sahr Mian	NA	NA	NA	NA	NA	NA	NA	NA	NA	1
RBGE	DMR208	DTOL	Angiosperm	Cyperaceae	Carex	laevigata	<Solanum	GPB3%PVP	152.95	334.82	4.87	3.29	2.186	155.2	339.13	0.92	0.46	0.45	5.04	3.1	0.575	Sahr Mian	NA	NA	NA	NA	NA	NA	NA	NA	NA	1
RBGE	DMR211	DTOL	Angiosperm	Cyperaceae	Carex	hirta	<Solanum	GPB3%PVP	127.42	334.13	5.37	2.9	2.622	127.82	336.26	0.76	0.38	0.37	5.49	2.9	0.121	Sahr Mian	NA	NA	NA	NA	NA	NA	NA	NA	NA	1
RBGE	DMR209	DTOL	Angiosperm	Asteraceae	Sonchus	oleraceus	<Petro	GPB3%PVP	259.54	336.05	4.55	3.39	1.295	269.28	354.42	3.42	1.71	1.67	4.4	3.28	0.019	Sahr Mian	NA	NA	NA	NA	NA	NA	NA	NA	NA	1
RBGE	DMR210	DTOL	Angiosperm	Lamiaceae	Teucrium	scordonia	<Petro	GPB3%PVP	191.27	339.97	2.34	1.94	1.777	195.56	345.43	2.55	1.27	1.25	2.68	2.11	0.011	Sahr Mian	NA	NA	NA	NA	NA	NA	NA	NA	NA	1
RBGE	DMR212	DTOL	Angiosperm	Boraginaceae	Myosotis	scorpioides	<Petro	GPB3%PVP	200.76	386.23	3.56	2.7	1.924	205.54	392.74	2.36	1.18	1.15	3.54	2.52	0.011	Sahr Mian	NA	NA	NA	NA	NA	NA	NA	NA	NA	1
RBGE	DMR213	DTOL	Angiosperm	Rosaceae	Pyrus	communis	<Solanum	GPB3%PVP	161.83	264.93	4.73	4.03	1.637	166.45	271.23	1.23	0.61	0.6	4.48	3.71	0.007	Sahr Mian	NA	NA	NA	NA	NA	NA	NA	NA	NA	1
RBGK	MC9365	DTOL	Angiosperm	Caryophyllaceae	Spergularia	bocconei	<Solanum	GPB3%PVP	186.99	319.97	4.8	2.87	1.711	190.47	327	1.16	0.58	0.57	4.72	3.3	0.030	Sahr Mian	NA	NA	NA	NA	NA	NA	NA	NA	NA	1
RBGK	MC9366	DTOL	Angiosperm	Rosaceae	Filipendula	vulgaris	<Solanum	GPB3%PVP	122.45	291.49	6.57	3.75	2.38	126.79	303.78	0.83	0.42	0.41	5.98	3.43	0.015	Sahr Mian	NA	NA	NA	NA	NA	NA	NA	NA	NA	1
RBGK	MC9368	DTOL	Angiosperm	Ericaceae	Erica	vagans	<Solanum	GPB3%PVP	112.16	239.87	6.2	3.85	2.139	115.96	248.61	0.93	0.47	0.46	5.32	4.09	0.020	Sahr Mian	NA	NA	NA	NA	NA	NA	NA	NA	NA	1
RBGK	MC9380	DTOL	Angiopserm	Brassicaceae	Raphanus	raphanistrum subsp. maritima	<Solanum	GPB3%PVP	189.93	327.37	4.65	3.4	1.724	194.05	339.52	1.14	0.57	0.56	4.94	3.2	0.013	Sahr Mian	NA	NA	NA	Endopolyploid	NA	NA	NA	NA	NA	1
RBGK	MC9381	DTOL	Angiosperm	Caryophyllaceae	Herniaria	ciliolata	>Solanum	GPB3%PVP	199.67	533.48	2.97	2.32	2.672	538.67	202.55	5.32	2.66	2.6	2.32	2.92	0.014	Sahr Mian	NA	NA	NA	NA	NA	NA	NA	NA	NA	1
RBGK	MC9388	DTOL	Angiosperm	Orobanchaceae	Bellardia	viscosa	>Solanum	GPB3%PVP	316.39	437.75	3.59	3.4	1.384	442.05	319.61	2.77	1.38	1.35	3.34	3.4	0.002	Sahr Mian	NA	NA	NA	NA	NA	NA	NA	NA	NA	1
RBGK	MC9389	DTOL	Angiosperm	Cyperaceae	Isolepis	cernua	>Solanum	GPB3%PVP	434.32	492.92	2.6	2.43	1.135	499.88	441.33	2.27	1.13	1.11	2.43	2.82	0.002	Sahr Mian	NA	NA	NA	NA	NA	NA	NA	NA	NA	1
RBGK	MC9390	DTOL	Angiosperm	Cyperaceae	Schoenus	nigricans	>Solanum	GPB3%PVP	487.33	549.35	3.36	3.1	1.127	556.02	494.75	2.25	1.12	1.1	2.75	3.14	0.021	Sahr Mian	NA	NA	NA	NA	NA	NA	NA	NA	NA	1
RBGK	MC9391	DTOL	Angiosperm	Orobanchaceae	Euphrasia	tetraquetra	>Solanum	GPB3%PVP	515.57	598.09	3.36	3.92	1.16	608.65	532.76	2.28	1.14	1.12	3.27	3.33	0.019	Sahr Mian	NA	NA	NA	NA	NA	NA	NA	NA	NA	1
RBGK	MC9393	DTOL	Angiosperm	Papaveraceae	Fumaria	occidentalis	>Solanum	GPB3%PVP	320.86	429.58	3.96	4.15	1.337	437.44	327.36	2.67	1.34	1.31	4.04	3.71	0.002	Sahr Mian	NA	NA	NA	NA	NA	NA	NA	NA	NA	1
RBGK	MC9397	DTOL	Angiosperm	Hypericaceae	Hypericum	androsaemum	<Solanum	GPB3%PVP	200.25	405.03	4.34	2.84	2.023	204.51	412.02	0.99	0.5	0.49	3.48	2.53	0.007	Sahr Mian	NA	NA	NA	NA	NA	NA	NA	NA	NA	1
RBGK	MC9367	DTOL	Angiosperm	Fabaceae	Cytisus	scorparius subsp. maritima	<Petro	GPB3%PVP	166.13	341.72	4.73	2.23	2.057	168.08	347.56	2.18	1.09	1.06	4.2	2.27	0.015	Sahr Mian	NA	NA	NA	NA	NA	NA	NA	NA	NA	1
RBGK	MC9371	DTOL	Angiosperm	Fabaceae	Genista	anglica	<Petro	GPB3%PVP	130.31	329.24	4.84	3.53	2.527	128.8	332.38	1.74	0.87	0.85	5.59	3.52	0.054	Sahr Mian	NA	NA	NA	NA	NA	NA	NA	NA	NA	1
RBGK	MC9372	DTOL	Angiosperm	Cyperaceae	Cladium	mariscus	<Solanum	GPB3%PVP	92.91	288.2	5.1	3.89	3.102	94.73	296.36	0.64	0.32	0.31	4.84	3.36	0.026	Sahr Mian	NA	NA	NA	NA	NA	NA	NA	NA	NA	1
RBGK	MC9373	DTOL	Angiosperm	Fabaceae	Genista	tinctoria subsp. littoralis	<Pisum	GPB3%PVP	153.36	343.92	4.38	3.18	2.248	156.55	349.08	4.08	2.04	1.99	4.41	3.26	0.021	Sahr Mian	NA	NA	NA	NA	NA	NA	NA	NA	NA	1
RBGK	MC9375	DTOL	Angiosperm	Asteraceae	Hypochaeris	maculata	>Petro	GPB3%PVP	203.11	408.96	1.93	2.47	2.013	404.02	201.37	9.03	4.51	4.42	2.59	2.11	0.006	Sahr Mian	NA	NA	NA	NA	NA	NA	NA	NA	NA	1
RBGK	MC9376	DTOL	Angiosperm	Fabaceae	Genista	pilosa	<Petro	GPB3%PVP	153.53	304.8	6.65	4.2	1.985	153.53	304.8	2.27	1.13	1.11	6.65	4.2	#DIV/0!	Sahr Mian	NA	NA	NA	NA	NA	NA	NA	NA	NA	1
RBGK	MC9377	DTOL	Angiosperm	Asparagaceae	Asparagus	offcinalis subsp. prostrata	>Petro	GPB3%PVP	317.52	453.96	3.28	3.58	1.43	447.27	314.28	6.4	3.2	3.13	3.11	3.35	0.008	Sahr Mian	NA	NA	NA	NA	NA	NA	NA	NA	NA	1
RBGK	MC9382	DTOL	Angiosperm	Solanaceae	Cuscuta	epithymum	<Petro	GPB3%PVP	125.89	207.82	5.45	2.11	1.651	128.85	210.46	2.76	1.38	1.35	5.39	2.2	0.017	Sahr Mian	NA	NA	NA	NA	NA	NA	NA	NA	NA	1
RBGK	MC9383	DTOL	Angiosperm	Asteraceae	Leontodon	saxitilis	<Petro	GPB3%PVP	107.73	301.95	3.77	1.61	2.803	107.94	303.18	1.6	0.8	0.78	3.61	1.65	0.011	Sahr Mian	NA	NA	NA	NA	NA	NA	NA	NA	NA	1
RBGK	MC9384	DTOL	Angiosperm	Fabaceae	Trifolium	occidentale	<Petro	GPB3%PVP	103.87	314.49	4.06	2.23	3.028	103.67	316.54	1.47	0.74	0.72	4.04	2.55	0.056	Sahr Mian	NA	NA	NA	NA	NA	NA	NA	NA	NA	1
RBGK	MC9385	DTOL	Angiosperm	Lamiaceae	Betonica	officinalis	>Petro	GPB3%PVP	206.01	458.46	3.26	3.02	2.228	471.74	212.98	9.97	4.98	4.87	2.46	2.96	0.012	Sahr Mian	NA	NA	NA	NA	NA	NA	NA	NA	NA	1
RBGK	MC9386	DTOL	Angiosperm	Asteraceae	Senecio	sylvaticus	<Pisum	GPB3%PVP	156.81	329.69	2.43	2.6	2.103	158.08	329.02	4.37	2.18	2.14	2.79	2.54	0.011	Sahr Mian	NA	NA	NA	NA	NA	NA	NA	NA	NA	1
RBGK	MC9387	DTOL	Angiosperm	Ranunculaceae	Ranunculus	sardous	>Petro	GPB3%PVP	300.8	464.59	3.11	2.9	1.545	470.37	304.53	6.95	3.48	3.4	2.2	2.72	0.003	Sahr Mian	NA	NA	NA	NA	NA	NA	NA	NA	NA	1
RBGK	MC9392	DTOL	Angiosperm	Primulaceae	Anagallis	tenella	NO RESULT	NA	NA	NA	NA	NA	NA	NA	NA	NA	NA	NA	NA	NA	NA	NA	NA	NA	NA	NA	NA	NA	NA	NA	NA	1
RBGK	MC9394	DTOL	Angiosperm	Aizoaceae	Carpobrotus	edulis	<Pisum	GPB3%PVP	190.3	356.17	4.81	3.41	1.872	193.64	361.22	4.87	2.44	2.38	4.73	3.66	0.009	Sahr Mian	NA	NA	NA	NA	NA	NA	NA	NA	NA	1
RBGK	MC9395	DTOL	Angiosperm	Aizoaceae	Disphyma	crassifolium	>Petro	GPB3%PVP	352.51	417.13	3.95	3.17	1.183	417.13	352.51	5.32	2.66	2.6	3.17	3.95	#DIV/0!	Sahr Mian	NA	NA	NA	NA	NA	NA	NA	NA	NA	1
RBGK	MC9396	DTOL	Angiosperm	Caryophyllaceae	Silene	uniflora	<Petro	GPB3%PVP	214.06	280.27	3	2.75	1.309	221.79	288.84	3.46	1.73	1.69	3.31	2.76	0.006	Sahr Mian	NA	NA	NA	NA	NA	NA	NA	NA	NA	1
RBGK	MC9369	DTOL	Angiosperm	Orochanceae	Pedicularis	sylvestris	<Pisum	GPB3%PVP	214.92	321.7	3.66	3.23	1.497	222.61	332.38	6.09	3.04	2.98	3.35	3.04	0.005	Sahr Mian	NA	NA	NA	NA	NA	NA	NA	NA	NA	1
RBGK	MC9370	DTOL	Angiosperm	Orchidaceae	Dactylorhiza	maculata subsp. maritima	>Pisum	GPB3%PVP	122.55	348.95	3.38	4.39	2.847	321.21	112.55	25.94	12.97	12.69	4.51	3.61	0.007	Sahr Mian	NA	NA	NA	NA	NA	NA	NA	NA	NA	1
RBGK	MC9374	DTOL	Angiosperm	Orobanchaceae	Orobanche	alba	<Pisum	GPB3%PVP	358.89	443.59	4.11	1.77	1.236	363.91	448.25	7.38	3.69	3.61	4.18	1.65	0.005	Sahr Mian	NA	NA	NA	NA	NA	NA	NA	NA	NA	1
RBGK	MC9385	DTOL	Angiosperm	Plantaginaceae	Callitriche	obtusangula	<Petro	GPB3%PVP	369.85	432.52	2.96	2.15	1.17	379.95	441.71	3.87	1.94	1.89	3	2.26	0.007	Sahr Mian	NA	NA	NA	NA	NA	NA	NA	NA	NA	1
RBGE	DMR222	DTOL	Angiosperm	Fabaceae	Trifolium	campestre	<Solanum	GPB3%PVP	115.95	281	3.22	2.66	2.424	117.44	284.44	0.83	0.41	0.4	2.92	2.49	0.003	Sahr Mian	NA	NA	NA	NA	NA	NA	NA	NA	NA	1
RBGE	DMR227	DTOL	Angiosperm	Juncaceae	Juncus	gerardii	<Solanum	GPB3%PVP	168.44	291.76	2.55	2.7	1.732	173.76	298.72	1.16	0.58	0.57	2.75	2.74	0.012	Sahr Mian	NA	NA	NA	NA	NA	NA	NA	NA	NA	1
RBGE	DMR229	DTOL	Angiosperm	Cyperaceae	Carex	otrubae	<Solanum	GPB3%PVP	140.67	304.63	4.23	4.01	2.166	142.3	306.7	0.93	0.46	0.45	4.48	4.09	0.011	Sahr Mian	NA	NA	NA	NA	NA	NA	NA	NA	NA	1
RBGE	DMR234	DTOL	Angiosperm	Caryophyllaceae	Spergularia	rubra	<Solanum	GPB3%PVP	146.59	268.91	2.51	2.32	1.834	148.48	271.88	1.09	0.55	0.53	2.35	2.44	0.003	Sahr Mian	NA	NA	NA	NA	NA	NA	NA	NA	NA	1
RBGE	DMR215	DTOL	Angiosperm	Cyperaceae	Trichophorum	germanicum	<Solanum	GPB3%PVP	99.93	263.37	4.17	3.54	2.635	102.15	267.19	0.76	0.38	0.37	4.5	3.69	0.021	Sahr Mian	NA	NA	NA	NA	NA	NA	NA	NA	NA	1
RBGE	DMR217	DTOL	Angiosperm	Rosaceae	Rosa	spinosissima	<Petro	GPB3%PVP	161.36	344.09	3.81	1.8	2.133	164.7	348.68	2.13	1.06	1.04	3.92	2.01	0.020	Sahr Mian	NA	NA	NA	NA	NA	NA	NA	NA	NA	1
RBGE	DMR216	DTOL	Angiosperm	Apiaceae	Chaerophyllum	temulum	<Petro	GPB3%PVP	458.8	528.14	1.61	1.73	1.151	460.85	530.99	3.91	1.95	1.91	1.58	1.61	0.001	Sahr Mian	NA	NA	NA	NA	NA	NA	NA	NA	NA	1
RBGE	DMR218	DTOL	Angiosperm	Asteraceae	Carduus	tenuiflorus	>Petro	GPB3%PVP	271.9	437.55	2.85	2.72	1.609	449.06	279.64	7.23	3.61	3.53	2.52	2.54	0.003	Sahr Mian	NA	NA	NA	NA	NA	NA	NA	NA	NA	1
RBGE	DMR219	DTOL	Angiosperm	Asteraceae	Carduus	nutans	<Petro	GPB3%PVP	184.13	401.68	4.35	2.97	2.182	187.11	406.34	2.07	1.04	1.01	4.28	3.05	0.019	Sahr Mian	NA	NA	NA	NA	NA	NA	NA	NA	NA	1
RBGE	DMR235	DTOL	Angiosperm	Asteraceae	Carduus	crispus	<Petro	GPB3%PVP	191.27	449.85	2.78	1.88	2.352	193.7	455.08	1.92	0.96	0.94	3.26	1.89	0.006	Sahr Mian	NA	NA	NA	NA	NA	NA	NA	NA	NA	1
RBGE	DMR233	DTOL	Fern	Aspleniaceae	Asplenium	septentrionale	>Pisum	GPB3%PVP	215.05	330.65	2.88	3.95	1.538	378.38	223.78	15.37	7.68	7.52	3.83	2.81	0.004	Sahr Mian	NA	NA	NA	NA	NA	NA	NA	NA	NA	1
RBGE	DMR236	DTOL	Fern	Aspleniaceae	Asplenium	adiantum - nigrum	>Pisum	GPB3%PVP	200.72	401.13	2.84	4.2	1.998	412	207.07	18.09	9.04	8.84	3.8	2.64	0.010	Sahr Mian	NA	NA	NA	NA	NA	NA	NA	NA	NA	1
RBGE	DMR223	DTOL	Angiosperm	Saxifragaceae	Tolmiea	menziesii	<Petro	GPB3%PVP	209.55	402.57	4.33	3.94	1.921	217.93	413.02	2.37	1.19	1.16	5.26	3.5	0.024	Sahr Mian	NA	NA	NA	NA	NA	NA	NA	NA	NA	1
RBGE	DMR221	DTOL	Angiosperm	Caryophyllaceae	Spergularia	media	<Solanum	GPB3%PVP	103.44	308.26	7.86	4.6	2.98	107.75	325.97	0.66	0.33	0.32	6.51	3.56	0.041	Sahr Mian	NA	NA	NA	Endopolyploid	NA	NA	NA	NA	NA	1
RBGE	DMR224	DTOL	Angiosperm	Rosaceae	Prunus	spinosa	<Solanum	GPB3%PVP	207.11	297.14	4.91	4.23	1.435	213.59	304.07	1.4	0.7	0.69	5.18	4.18	0.010	Sahr Mian	NA	NA	NA	NA	NA	NA	NA	NA	NA	1
RBGE	DMR225	DTOL	Angiosperm	Cyperaceae	Carex	paniculata	<Solanum	GPB3%PVP	135.05	296.85	4.78	4.25	2.198	138.71	304.27	0.91	0.46	0.45	4.45	3.87	0.004	Sahr Mian	NA	NA	NA	NA	NA	NA	NA	NA	NA	1
RBGE	DMR231	DTOL	Angiosperm	Brassiaceae	Sinapis	arvensis	<Solanum	GPB3%PVP	200.87	332.73	3.74	3.1	1.656	200.91	334.53	1.2	0.6	0.59	4.17	2.77	0.009	Sahr Mian	NA	NA	NA	NA	NA	NA	NA	NA	NA	1
RBGE	DMR220	DTOL	Angiosperm	Orchidaceae	Dactylorhiza	purpurella	>Pisum	GPB3%PVP	130.46	408.02	1.92	3.42	3.127	410.24	132.62	28.12	14.06	13.75	3.51	2.17	0.039	Sahr Mian	NA	NA	NA	NA	NA	NA	NA	NA	NA	1
RBGE	DMR228	DTOL	Angiosperm	Poaceae	Arrhenatherum	elatius	>Pisum	GPB3%PVP	211.36	378.19	2.72	2.83	1.789	384.75	215.37	16.24	8.12	7.94	2.61	2.54	0.005	Sahr Mian	NA	NA	NA	NA	NA	NA	NA	NA	NA	1
RBGE	DMR230	DTOL	Angiosperm	Asteraceae	Pilosella	officinarum	>Petro	GPB3%PVP	208.25	431.6	3.29	3.21	2.073	434.5	210.09	9.31	4.65	4.55	3.11	3.36	0.004	Sahr Mian	NA	NA	NA	NA	NA	NA	NA	NA	NA	1
RBGE	DMR238	DTOL	Angiosperm	Cyperaceae	Eleocharis	palustris	>Pisum	GPB3%PVP	313.74	391.89	1.9	2.8	1.249	401.83	320.95	11.38	5.69	5.57	2.69	1.82	0.003	Sahr Mian	NA	NA	NA	NA	NA	NA	NA	NA	NA	1
RBGE	DMR226	DTOL	Angiosperm	Rosaceae	Rosa	rugosa	<Petro	GPB3%PVP	96.91	366.9	5.14	2.69	3.78	97.6	371.35	1.18	0.59	0.58	4.96	2.86	0.023	Sahr Mian	NA	NA	NA	NA	NA	NA	NA	NA	NA	1
RBGE	DMR232	DTOL	Angiosperm	Brassicaceae	Descurainia	sophia	<Oryza	GPB3%PVP	199.04	293.91	4.99	4.21	1.477	200.01	294.25	0.68	0.34	0.33	4.71	3.86	0.005	Sahr Mian	NA	NA	NA	NA	NA	NA	NA	NA	NA	1
RBGE	DMR239	DTOL	Angiosperm	Caryophyllaceae	Silene	flos - cuculi	<Pisum	GPB3%PVP	137.53	213.56	2.81	2.4	1.553	139.33	216.06	5.86	2.93	2.87	2.82	2.52	0.002	Sahr Mian	NA	NA	NA	NA	NA	NA	NA	NA	NA	1
RBGE	DMR240	DTOL	Angiosperm	Orchidaceae	Neottia	ovata	>Pisum	GPB3%PVP	109.91	479.06	3.22	2.35	4.359	482.97	111.62	39.33	19.67	19.23	2.26	3.38	0.045	Sahr Mian	NA	NA	NA	NA	NA	NA	NA	NA	NA	1
RBGE	DMR214	DTOL	Angiosperm	Polygalaceae	Polygala	serpylifolia	<Solanum	GPB3%PVP	154.9	339.35	5.36	2.23	2.191	164.25	354.26	0.93	0.46	0.45	4.62	2.28	0.029	Sahr Mian	NA	NA	NA	NA	NA	NA	NA	NA	NA	1
RBGE	DMR244	DTOL	Angiosperm	Poaceae	Glyceria	fluitans	>Solanum	GPB3%PVP	329.95	423.87	2.71	2.51	1.285	443.36	343.43	2.58	1.29	1.26	2.73	2.84	0.006	Sahr Mian	NA	NA	NA	NA	NA	NA	NA	NA	NA	1
RBGE	DMR248	DTOL	Angiosperm	Cyperaceae	Carex	capillaris	<Solanum	GPB3%PVP	190.47	327.25	4.91	3.95	1.718	194.18	334.11	1.16	0.58	0.57	4.89	3.77	0.005	Sahr Mian	NA	NA	NA	NA	NA	NA	NA	NA	NA	1
RBGE	DMR249	DTOL	Angiosperm	Brassicaceae	Draba	incana	<Solanum	GPB3%PVP	262.19	329.69	4.42	3.41	1.257	266.08	334.53	1.59	0.8	0.78	4.4	3.51	0.001	Sahr Mian	NA	NA	NA	NA	NA	NA	NA	NA	NA	1
RBGE	DMR251	DTOL	Angiosperm	Cyperaceae	Eriphorum	vaginatum	<Solanum	GPB3%PVP	145.7	310.26	4.54	3.97	2.129	149.96	316.74	0.95	0.47	0.46	4.41	3.89	0.017	Sahr Mian	NA	NA	NA	NA	NA	NA	NA	NA	NA	1
RBGE	DMR242	DTOL	Angiosperm	Poaceae	Schedonorus	arundinaceus	>Petro	GPB3%PVP	152.83	571.43	2.68	1.85	3.739	581.12	156.94	16.66	8.33	8.15	1.81	2.54	0.039	Sahr Mian	NA	NA	NA	NA	NA	NA	NA	NA	NA	1
RBGE	DMR243	DTOL	Angiosperm	Poaceae	Phleum	pratense	>Petro	GPB3%PVP	216.2	433.08	2.84	2.73	2.006	439.98	220.5	8.98	4.49	4.39	2.61	2.92	0.009	Sahr Mian	NA	NA	NA	NA	NA	NA	NA	NA	NA	1
RBGE	DMR245	DTOL	Angiosperm	Asteraceae	Crepis	paludosa	>Petro	GPB3%PVP	227.62	488.17	3.71	2.82	2.145	487.45	229.67	9.55	4.78	4.67	2.71	3.31	0.022	Sahr Mian	NA	NA	NA	NA	NA	NA	NA	NA	NA	1
RBGE	DMR247	DTOL	Angiosperm	Juncaceae	Juncus	squarrosa	<Solanum	GPB3%PVP	120.78	323.47	3.42	2.41	2.678	124.37	329.94	0.75	0.38	0.37	3.56	2.55	0.025	Sahr Mian	NA	NA	NA	NA	NA	NA	NA	NA	NA	1
RBGE	DMR246	DTOL	Angiosperm	Crassulaceae	Rhodiola	rosea	<Petro	GPB3%PVP	107.66	310	5.96	3.82	2.879	107.43	308.65	1.57	0.78	0.77	5.72	3.54	0.008	Sahr Mian	NA	NA	NA	NA	NA	NA	NA	NA	NA	1
RBGE	DMR250	DTOL	Fern	Equisetaceae	Equisetum	fluviatale	>Pisum	GPB3%PVP	145.82	486.51	3.33	3.47	3.336	498.33	150.59	30.08	15.04	14.71	3.22	3.34	0.036	Sahr Mian	NA	NA	NA	NA	NA	NA	NA	NA	NA	1
RBGE	SM50	DTOL	Angiosperm	Ranunculaceae	Aquilegia	vulgaris	<Solanum	GPB3%PVP	124.59	308.55	3.59	2.59	2.477	128.62	314.09	0.82	0.41	0.4	3.8	2.67	0.032	Sahr Mian	NA	NA	NA	NA	NA	NA	NA	NA	NA	1
RBGK	IL2	DTOL	Angiosperm	Hypericaceae	Hypericum	hirsutum	<Solanum	GPB3%PVP	129.66	313.55	4.26	2.92	2.418	131.08	314.83	0.83	0.42	0.41	4.58	2.98	0.017	Sahr Mian	NA	NA	NA	NA	NA	NA	NA	NA	NA	1
RBGK	SM53	DTOL	Angiosperm	Euphorbiaceae	Euphorbia	exigua	<Solanum	GPB3%PVP	238.99	329.13	3.52	2.94	1.377	245.19	335.15	1.46	0.73	0.72	3.34	2.87	0.009	Sahr Mian	NA	NA	NA	NA	NA	NA	NA	NA	NA	1
RBGK	IL5	DTOL	Angiosperm	Poaceae	Brachypodium	pinnatum	<Solanum	GPB3%PVP	325.36	410.32	3.98	3.61	1.261	326.5	411.77	1.59	0.79	0.78	4.3	3.66	0.000	Sahr Mian	NA	NA	NA	NA	NA	NA	NA	NA	NA	1
RBGK	SM54	DTOL	Angiosperm	Lamiaceae	Clinopodium	vulgare	<Solanum	GPB3%PVP	325.36	410.32	3.98	3.61	1.261	326.5	411.77	1.59	0.79	0.78	4.3	3.66	0.000	Sahr Mian	NA	NA	NA	NA	NA	NA	NA	NA	NA	1
RBGK	SM57	DTOL	Angiosperm	Fabaceae	Lotus	pedunculatus	<Solanum	GPB3%PVP	176.31	304.86	4.19	2.23	1.729	178.7	308.36	1.16	0.58	0.57	4.01	3.09	0.004	Sahr Mian	NA	NA	NA	NA	NA	NA	NA	NA	NA	1
RBGK	SM59	DTOL	Angiosperm	Scrophulariaceae	Scrophularia	nodosa	<Solanum	GPB3%PVP	259.62	330.01	3.46	2.7	1.271	257.73	327.23	1.58	0.79	0.77	3.35	2.84	0.002	Sahr Mian	NA	NA	NA	NA	NA	NA	NA	NA	NA	1
RBGK	IL3	DTOL	Angiosperm	Euphorbiaceae	Euphorbia	helioscopia	<Petro	GPB3%PVP	165.14	338.82	4.21	2.29	2.052	169.62	346.89	2.2	1.1	1.08	4.49	2.93	0.009	Sahr Mian	NA	NA	NA	NA	NA	NA	NA	NA	NA	1
RBGK	SM56	DTOL	Angiosperm	Poaceae	Deschampsia	cespitosa	>Petro	GPB3%PVP	208.9	437.5	1.87	1.57	2.094	441.77	211.91	9.38	4.69	4.59	1.53	1.77	0.009	Sahr Mian	NA	NA	NA	NA	NA	NA	NA	NA	NA	1
RBGK	ARL1	DTOL	Angiosperm	Asteraceae	Jacobaea	erucifolia	<Pisum	GPB3%PVP	254.54	341.56	2.75	2.44	1.342	256.36	343.14	6.79	3.4	3.32	2.67	2.39	0.004	Sahr Mian	NA	NA	NA	NA	NA	NA	NA	NA	NA	1
RBGK	IL4	DTOL	Angiosperm	Poaceae	Festuca	rubra	>Pisum	GPB3%PVP	248.61	357.68	2.54	3	1.439	356.84	247.83	13.09	6.54	6.4	3.18	2.6	0.003	Sahr Mian	NA	NA	NA	NA	NA	NA	NA	NA	NA	1
RBGK	IL6	DTOL	Angiosperm	Primulaceae	Lysimachia	nummularia	<Pisum	GPB3%PVP	197.38	357.25	2.44	1.47	1.81	197.38	357.25	5.02	2.51	2.46	2.44	1.47	#DIV/0!	Sahr Mian	NA	NA	NA	NA	NA	NA	NA	NA	NA	1
RBGK	SM55	DTOL	Angiosperm	Poaceae	Bromus	ramosus	>Pisum	GPB3%PVP	181.04	524.06	2.78	2.79	2.895	529.54	182.04	26.44	13.22	12.93	2.97	3.17	0.004	Sahr Mian	NA	NA	NA	NA	NA	NA	NA	NA	NA	1
RBGK	SM58	DTOL	Angiosperm	Lamiaceae	Mentha	aquatica	<Pisum	GPB3%PVP	147.87	419.47	4.04	2.74	2.837	154.19	429.14	3.27	1.63	1.6	3.84	2.76	0.046	Sahr Mian	NA	NA	NA	NA	NA	NA	NA	NA	NA	1
RBGK	SM60	DTOL	Angiosperm	Orchidaceae	Epipactis	purpurata	>Pisum	GPB3%PVP	110.68	365.96	2.92	2.92	3.307	368.62	113.16	29.61	14.81	14.48	2.81	2.88	0.044	Sahr Mian	NA	NA	NA	NA	NA	NA	NA	NA	NA	1
RBGK	SM52	DTOL	Angiosperm	Ericaceae	Monotropa	hypopitys	>Allium	GBP3%PVP	211.63	412.45	3.02	2.79	1.949	417.08	214.88	67.72	33.86	33.12	2.59	2.86	0.008	Sahr Mian	NA	NA	NA	NA	NA	NA	NA	NA	NA	1
RBGK	MC/SB001	DTOL	Fern	Ophioglossaceae	Ophioglossum	azoricum	>Allium	GBP3%PVP	195.35	388.02	3.23	3.62	1.986	397.74	201.27	68.95	34.47	33.71	3.44	3.07	0.009	Sahr Mian	NA	NA	NA	NA	NA	NA	NA	NA	NA	1
RBGK	MC9406	DTOL	Angiosperm	Juncaceae	Juncus	conglomeratus	<Solanum	LB01	217.2	368.44	4.98	2.87	1.696	224.4	380.34	1.17	0.58	0.57	4.83	2.98	0.011	Nacho	NA	NA	NA	NA	NA	NA	NA	NA	NA	1
RBGE	DMR253	DTOL	Angiosperm	Juncaceae	Juncus	conglomeratus	<Solanum	GPB3%PVP	113.9	365.53	3.83	2.71	3.209	116.73	374.11	0.62	0.31	0.3	3.6	2.6	0.008	Sahr Mian	NA	NA	NA	NA	NA	NA	NA	NA	NA	1
RBGK	MC9404	DTOL	Angiosperm	Asteraceae	Tanacetum	parthenium	<Pisum	LB01	147.48	275.51	4.48	3.14	1.868	154.48	287.06	4.89	2.45	2.39	4.12	2.82	0.022	Nacho	NA	NA	NA	NA	NA	NA	NA	NA	NA	1
RBGK	MC9408	DTOL	Angiosperm	Ranunculaceae	Ranunculus	flammula	>Pisum	LB01	271.92	397.15	3.63	4.05	1.461	408.58	280.34	13.25	6.62	6.48	3.69	3.32	0.007	Nacho	NA	NA	NA	NA	NA	NA	NA	NA	NA	1
RBGK	MC9400	DTOL	Angiosperm	Adoxaceae	Sambucus	ebulus	>Pisum	OXPRO	161.24	427.43	3.68	4.01	2.651	453.57	170.13	24.23	12.12	11.85	3.01	2.97	0.013	Nacho	NA	NA	NA	NA	NA	NA	NA	NA	NA	1
RBGK	MC9402	DTOL	Angiosperm	Apiaceae	Eryngium	maritimum	<Petro	LB01	176.49	288.07	3.85	5.15	1.632	183.15	297.37	2.77	1.39	1.36	3.84	4.3	0.007	Nacho	NA	NA	NA	NA	NA	NA	NA	NA	NA	1
RBGK	MC9407	DTOL	Angiosperm	Ranunculaceae	Ranunculus	omiophyllus	>Petro	OXPRO	245.68	403.62	4.47	4.45	1.643	437.93	267.47	7.37	3.68	3.6	4.17	4.25	0.019	Nacho	NA	NA	NA	NA	NA	NA	NA	NA	NA	1
RBGK	MC9405	DTOL	Angiosperm	Poaceae	Cynosurus	cristatus	>Petro	GPB3%PVP	274.37	409.8	4.37	4.09	1.494	460.46	309.55	6.69	3.35	3.27	4.43	4.34	0.035	Nacho	NA	NA	NA	NA	NA	NA	NA	NA	NA	1
RBGK	MC9403	DTOL	Angiosperm	Onagraceae	Fuchsia	magellanica	<Pisum	LB01	250.96	503.01	4.1	2.04	2.004	262.77	516.13	4.63	2.31	2.26	3.91	2.27	0.034	Nacho	NA	NA	NA	NA	NA	NA	NA	NA	NA	1
RBGK	MC9409	DTOL	Angiosperm	Apiaceae	Anethum	foeniculum	>Solanum	OXPRO	244.48	398.55	4.2	4.39	1.63	405.3	246.88	3.25	1.63	1.59	3.1	3.71	0.011	Nacho	NA	NA	NA	NA	NA	NA	NA	NA	NA	1
RBGK	MC9410	DTOL	Angiosperm	Asteraceae	Carlina	vulgaris	>Solanum	OXPRO	140.21	583.45	4.73	2.18	4.161	583.17	140.1	8.24	4.12	4.03	2.12	4.78	0.006	Nacho	NA	NA	NA	NA	NA	NA	NA	NA	NA	1
RBGK	MC9401	DTOL	Angiosperm	Ericaceae	Erica	tetralix	<Petro	GPB3%PVP	130.51	541.07	3.84	2.44	4.146	133.65	556.6	1.08	0.54	0.53	4	2.33	0.045	Nacho	NA	NA	NA	NA	NA	NA	NA	NA	NA	1
RBGE	DMR252	DTOL	Angiosperm	Ranunculaceae	Ranunculus	scleratus	>Petro	GPB3%PVP	305.33	497.69	2.62	2.37	1.63	514.66	318.31	7.28	3.64	3.56	2.26	2.49	0.011	Sahr Mian	NA	NA	NA	NA	NA	NA	NA	NA	NA	1
RBGE	DMR255	DTOL	Angiosperm	Polygonaceae	Persicaria	amphibia	>Solanum	GPB3%PVP	213.87	429.24	3.24	3.72	2.007	445.85	224.35	3.93	1.97	1.92	3.57	3.01	0.017	Sahr Mian	NA	NA	NA	NA	NA	NA	NA	NA	NA	1
RBGE	DMR255	DTOL	Angiosperm	Asteraceae	Jacobaea	vulgaris	>Solanum	GPB3%PVP	225.64	498.17	3.3	2.67	2.208	504.67	231.79	4.31	2.16	2.11	2.47	3.13	0.029	Sahr Mian	NA	NA	NA	NA	NA	NA	NA	NA	NA	1
RBGE	DMR256	DTOL	Angiosperm	Orchidaceae	Coeloglossum	viride	>Pisum	GPB3%PVP	249.97	437.75	2.94	3.97	1.751	449.89	259.67	15.75	7.87	7.7	3.86	2.89	0.018	Sahr Mian	NA	NA	NA	NA	NA	NA	NA	NA	NA	1
RBGK	MC9413	DTOL	Angiosperm	Caryophyllaceae	Sagina	nodosa	<Solanum	GPB3%PVP	186.27	318.12	3.89	3.64	1.708	192.03	326.63	1.16	0.58	0.57	3.59	3.25	0.006	Sahr Mian	NA	NA	NA	NA	NA	NA	NA	NA	NA	1
RBGK	MC9411	DTOL	Angiosperm	Asteraceae	Filago	minima	<Solanum	GPB3%PVP	137.49	219.72	4.06	2.57	1.598	137.02	219.77	1.23	0.62	0.6	4.23	2.41	0.008	Sahr Mian	NA	NA	NA	NA	NA	NA	NA	NA	NA	1
RBGK	MC9414	DTOL	Angiosperm	Onagraceae	Epilobium	brunnescens	<Solanum	GPB3%PVP	116.56	315.46	5.01	3.57	2.706	119.32	321.73	0.73	0.37	0.36	4.84	3.36	0.014	Sahr Mian	NA	NA	NA	NA	NA	NA	NA	NA	NA	1
RBGK	MC9415	DTOL	Angiosperm	Lythraceae	Lythrum	hyssopifolia	<Solanum	GPB3%PVP	364.03	449.29	4.49	4.02	1.234	373.48	460.08	1.61	0.8	0.79	3.76	3.46	0.003	Sahr Mian	NA	NA	NA	NA	NA	NA	NA	NA	NA	1
RBGK	MC9416	DTOL	Angiosperm	Cyperaceae	Cyperus	fuscus	<Solanum	GPB3%PVP	125.94	476.6	4.45	3.01	3.784	129.2	484.24	0.53	0.26	0.26	4.21	2.84	0.031	Sahr Mian	NA	NA	NA	NA	NA	NA	NA	NA	NA	1
RBGK	MC9417	DTOL	Angiosperm	Asteraceae	Filago	lutescens	<Solanum	GPB3%PVP	314.19	417.22	2.71	2.53	1.328	321.83	424.47	1.5	0.75	0.73	2.39	2.63	0.008	Sahr Mian	NA	NA	NA	NA	NA	NA	NA	NA	NA	1
RBGK	MC9413	DTOL	Angiosperm	Asteraceae	Gnaphalium	uliginosa	<Solanum	GPB3%PVP	174.72	413.08	4.4	2.8	2.364	177.98	424.35	0.83	0.42	0.41	4.24	2.45	0.028	Sahr Mian	NA	NA	NA	NA	NA	NA	NA	NA	NA	1
RBGE	DMR263	DTOL	Angiosperm	Boraginaceae	Myosotis	alpestris	<Petro	GPB3%PVP	138.27	345.38	4.56	2.93	2.498	141.44	349.98	1.82	0.91	0.89	4.39	2.82	0.021	Sahr Mian	NA	NA	NA	NA	NA	NA	NA	NA	NA	1
RBGE	DMR264	DTOL	Angiosperm	Rubiaceae	Galium	saxitile	<Petro	GPB3%PVP	234.97	334.38	3.26	2.53	1.423	236.87	334.29	3.19	1.59	1.56	3.36	2.36	0.011	Sahr Mian	NA	NA	NA	NA	NA	NA	NA	NA	NA	1
RBGE	DMR262	DTOL	Angiosperm	Saxifragaceae	Micranthes	stellaris	<Solanum	GPB3%PVP	126.58	318.12	5.68	2.99	2.513	126.68	319.53	0.78	0.39	0.38	5.6	2.87	0.008	Sahr Mian	NA	NA	NA	NA	NA	NA	NA	NA	NA	1
RBGE	DMR260	DTOL	Angiosperm	Asteraceae	Erigeron	borealis	<Petro	GPB3%PVP	254.27	349.86	3.52	2.68	1.376	256.4	351.99	3.28	1.64	1.6	3.29	2.53	0.004	Sahr Mian	NA	NA	NA	NA	NA	NA	NA	NA	NA	1
RBGE	DMR258	DTOL	Angiosperm	Ranunculaceae	Ranunculus	penicillatus	>Petro	GPB3%PVP	225.66	403.65	2.87	2.34	1.789	412.56	232.26	7.99	4	3.91	2.75	2.76	0.013	Sahr Mian	NA	NA	NA	NA	NA	NA	NA	NA	NA	1
RBGE	DMR261	DTOL	Angiosperm	Poaceae	Poa	alpina	>Petro	GPB3%PVP	323.7	485.19	2.47	2.43	1.499	490.98	327.67	6.74	3.37	3.3	2.25	2.34	0.001	Sahr Mian	NA	NA	NA	NA	NA	NA	NA	NA	NA	1
RBGE	DMR259	DTOL	Angiosperm	Caryophllaceae	Cerastium	alpinum	>Solanum	GPB3%PVP	203.61	383.24	3.15	3.22	1.882	386.94	206.71	3.71	1.85	1.81	3.34	3.22	0.011	Sahr Mian	NA	NA	NA	NA	NA	NA	NA	NA	NA	1
RBGE	DMR267	DTOL	Angiosperm	Plantaginaceae	Veronica	anagallis - aquatica	<Petro	GPB3%PVP	163.27	294.97	3.66	2.77	1.807	166.25	297.11	2.52	1.26	1.23	3.38	2.61	0.017	Sahr Mian	NA	NA	NA	NA	NA	NA	NA	NA	NA	1
RBGE	DMR268	DTOL	Angiosperm	Apiaceae	Oenanthe	lachenallii	<Solanum	GPB3%PVP	252.25	342.51	4.08	2.74	1.358	258.69	350.89	1.46	0.73	0.71	4	2.65	0.005	Sahr Mian	NA	NA	NA	NA	NA	NA	NA	NA	NA	1
RBGE	DMR266	DTOL	Angiosperm	Ranunculaceae	Ranunculus	lingua	>Allium	GBP3%PVP	279.75	421.4	3.15	2.85	1.508	423.85	281.61	52.51	26.26	25.68	2.93	3.28	0.003	Sahr Mian	NA	NA	NA	NA	NA	NA	NA	NA	NA	1
RBGK	MC9421	DTOL	Angiosperm	Polygonaceae	Polygonum	maritimum	<Solanum	GPB3%PVP	174.86	323.91	3.95	3.85	1.852	179.38	331.24	1.07	0.54	0.52	4.29	3.74	0.008	Sahr Mian	NA	NA	NA	NA	NA	NA	NA	NA	NA	1
RBGK	MC9420	DTOL	Angiosperm	Cyperaceae	Carex	pallescens	<Solanum	GPB3%PVP	157.63	326.31	3.06	2.05	2.07	160.02	332.88	0.95	0.48	0.47	3.05	2.21	0.010	Sahr Mian	NA	NA	NA	NA	NA	NA	NA	NA	NA	1
RBGK	MC9422	DTOL	Angiosperm	Apiaceae	Silaum	Silaus	>Solanum	GPB3%PVP	173.61	564.08	3.29	2.41	3.249	574.5	177.45	6.41	3.21	3.13	2.36	2.99	0.012	Sahr Mian	NA	NA	NA	NA	NA	NA	NA	NA	NA	1
RBGK	MC9418	DTOL	Angiosperm	Lamiaceae	Galeopsis	angustifolia	<Petro	GPB3%PVP	91.19	327.21	3.87	2.35	3.588	93.86	338.86	1.25	0.62	0.61	3.43	1.98	0.036	Sahr Mian	NA	NA	NA	NA	NA	NA	NA	NA	NA	1
RBGK	MC9419	DTOL	Angiosperm	Asteraceae	Scorznera	humilis	>Petro	GPB3%PVP	179.37	571.16	2.29	1.8	3.184	576.98	183.46	14.15	7.08	6.92	1.82	2.35	0.037	Sahr Mian	NA	NA	NA	NA	NA	NA	NA	NA	NA	1
RBGK	MC9423	DTOL	Angiosperm	Lamiaceae	Ajuga	chamaepitys	<Petro	GPB3%PVP	219.92	433.24	3.48	2.68	1.97	223.18	437.84	2.29	1.15	1.12	3.47	2.8	0.183	Sahr Mian	NA	NA	NA	NA	NA	NA	NA	NA	NA	1
RBGK	MC9424	DTOL	Angiosperm	Poaceae	Leersia	oryzoides	<Petro	GPB3%PVP	182.91	413.19	3.81	3.22	2.259	186.63	417.89	2.01	1	0.98	3.98	3.24	0.017	Sahr Mian	NA	NA	NA	NA	NA	NA	NA	NA	NA	1
RBGK	MC9425	DTOL	Angiosperm	Asteraceae	Hieracium	britannicum	>Petro	GPB3%PVP	171.71	542.69	3.49	2.83	3.16	548.56	175.84	14.04	7.02	6.86	2.78	3.25	0.039	Sahr Mian	NA	NA	NA	NA	NA	NA	NA	NA	NA	1
RBGK	MC9427	DTOL	Angiosperm	Campanulaceae	Lobelia	urens	<Petro	GPB3%PVP	103.06	437.44	4.67	2.38	4.245	104.13	441.68	1.06	0.53	0.52	4.38	2.44	0.009	Sahr Mian	NA	NA	NA	NA	NA	NA	NA	NA	NA	1
RBGK	MC9428	DTOL	Angiosperm	Primulaceae	Hottonia	palustris	<Petro	GPB3%PVP	187.39	420.41	4.03	2.51	2.244	190.63	427.98	2	1	0.98	4.43	3.1	0.002	Sahr Mian	NA	NA	NA	NA	NA	NA	NA	NA	NA	1
RBGK	MC9429	DTOL	Angiosperm	Genitanaceae	Gentiana	pneumonanthe	>Petro	GPB3%PVP	166.63	384.85	3.56	3.55	2.31	390.14	170.06	10.32	5.16	5.05	3.36	3.23	0.016	Sahr Mian	NA	NA	NA	NA	NA	NA	NA	NA	NA	1
RBGK	MC9430	DTOL	Angiosperm	Caryophyllaceae	Illecebrum	verticillatum	<Petro	GPB3%PVP	103.23	466.28	4.68	3.56	4.517	104.11	480.92	0.97	0.49	0.48	4.58	3.09	0.090	Sahr Mian	NA	NA	NA	NA	NA	NA	NA	NA	NA	1
RBGK	MC9429	DTOL	Angiosperm	Alismataceae	Baldellia	ranunculoides	>Pisum	GPB3%PVP	139.5	421.39	3.13	3.54	3.021	425.62	140.32	27.57	13.79	13.48	3.53	3.36	0.011	Sahr Mian	NA	NA	NA	NA	NA	NA	NA	NA	NA	1
RBGE	DMR270	DTOL	Angiosperm	Lamiaceae	Galeopsis	tetrahit	<Petro	GPB3%PVP	247.89	315.48	3.42	2.87	1.273	250.23	317.22	3.55	1.77	1.74	3.36	2.76	0.007	Sahr Mian	NA	NA	NA	NA	NA	NA	NA	NA	NA	1
RBGE	DMR271	DTOL	Angiosperm	Juncaceae	Juncus	bufonius	<Petro	GPB3%PVP	168.67	399.29	4.49	2.96	2.367	174.04	406.84	1.93	0.96	0.94	4.03	2.59	0.027	Sahr Mian	NA	NA	NA	NA	NA	NA	NA	NA	NA	1
RBGE	DMR269	DTOL	Angiosperm	Lamiaceae	Mentha	arvensis	>Solanum	GPB3%PVP	327.11	437.46	3.38	3.52	1.337	454.45	334.99	2.69	1.34	1.31	3.57	3.38	0.007	Sahr Mian	NA	NA	NA	NA	NA	NA	NA	NA	NA	1
RBGE	DMR272	DTOL	Angiosperm	Brassicaceae	Rorripa	palustris	<Solanum	GPB3%PVP	102.77	376.22	3.25	3.48	3.601	103.33	379.87	0.54	0.27	0.26	3.36	3.47	0.053	Sahr Mian	NA	NA	NA	NA	NA	NA	NA	NA	NA	1
RBGE	DMR273	DTOL	Angiosperm	Cyperaceae	Bolboschoenus	maritimus	<Solanum	GPB3%PVP	110.38	343.98	5.26	3.46	3.116	111.55	351.45	0.63	0.31	0.31	5.36	3.36	0.032	Sahr Mian	NA	NA	NA	NA	NA	NA	NA	NA	NA	1
RBGK	MC9435	DTOL	Angiosperm	Euphorbiaceae	Euphorbia	maculata	<Petro	GPB3%PVP	141.8	323.02	3.97	2.57	2.278	144.18	326.65	1.99	0.99	0.97	3.81	2.42	0.011	Sahr Mian	NA	NA	NA	NA	NA	NA	NA	NA	NA	1
RBGK	MC9434	DTOL	Angiosperm	Polygonaceae	Fallopia	baldschuanica	<Petro	GPB3%PVP	226.57	299.2	4.52	3.53	1.321	226.49	298.36	3.42	1.71	1.67	4.12	3.5	0.003	Sahr Mian	NA	NA	NA	NA	NA	NA	NA	NA	NA	1
RBGK	MC9431	DTOL	Angiosperm	Apiaceae	Hydrocotyle	ranunculoides	<Petro	GPB3%PVP	115.1	296.45	3.6	3.13	2.575	117.6	300.38	1.76	0.88	0.86	3.61	3.03	0.022	Sahr Mian	NA	NA	NA	NA	NA	NA	NA	NA	NA	1
RBGK	MC9433	DTOL	Angiosperm	Malvaceae	Malva	sylvestris	<Petro	Galbraith	118.15	305.06	6.39	3.99	2.582	117.47	303.19	1.74	0.87	0.85	6.45	3.95	0.001	Sahr Mian	NA	NA	NA	NA	NA	NA	NA	NA	NA	1
RBGK	MC9432	DTOL	Angiosperm	Asteraceae	Bidens	cernua	<Pisum	GPB3%PVP	170.11	325.33	3.35	2.63	1.912	174.34	331.2	4.78	2.39	2.34	3.3	2.45	0.011	Sahr Mian	NA	NA	NA	NA	NA	NA	NA	NA	NA	1
