taxid	resolved_species_name	Class	Order	Suborder	Family	female_haploid_K	ploidy	sex_determination_mechanism	diminution	sexual_system	Reference	Alternate_karyotypes
70231	Longidorus elongatus	DORYLAIMIA	DORYLAIMIDA	DORYLAIMINA	LONGIDORIDAE	7	4				Dalmasso Cytogenetics and Reproduction in Xiphinema and Longidorus	
188093	Longidorus macrosoma	DORYLAIMIA	DORYLAIMIDA	DORYLAIMINA	LONGIDORIDAE	7	4				Dalmasso Cytogenetics and Reproduction in Xiphinema and Longidorus	
241698	Longidorus vineacola	DORYLAIMIA	DORYLAIMIDA	DORYLAIMINA	LONGIDORIDAE	7	4				Dalmasso Cytogenetics and Reproduction in Xiphinema and Longidorus	
191820	Xiphinema diversicaudatum	DORYLAIMIA	DORYLAIMIDA	DORYLAIMINA	LONGIDORIDAE	5	2				https://www.tandfonline.com/doi/pdf/10.1080/02541858.1988.11448122?needAccess=true	
243736	Xiphinema elongatum	DORYLAIMIA	DORYLAIMIDA	DORYLAIMINA	LONGIDORIDAE	5	2				https://www.tandfonline.com/doi/pdf/10.1080/02541858.1988.11448122?needAccess=true	
46003	Xiphinema index	DORYLAIMIA	DORYLAIMIDA	DORYLAIMINA	LONGIDORIDAE	5	4				https://www.tandfonline.com/doi/pdf/10.1080/02541858.1988.11448122?needAccess=true	
1437454	Hexamermis albicans	DORYLAIMIA	MERMITHIDAE	MERMITHINA	MERMITHIDAE	8	2			amphimixis	A.C Triantaphyllou (1983) Cytogenetic aspects of nematode evolution pp55-71 in Stone et al Concepts in nematode Systematics Goncharova and Romanenko 1976	
13658	Romanomermis culicivorax	DORYLAIMIA	MERMITHIDAE	MERMITHINA	MERMITHIDAE	6	2			outcrossing	Henry PhD Thesis  SEX DETERMINATION IN THE MERMITHID NEMATODE ...spiral.imperial.ac.uk › Hendry-LM-1985-PhD-Thesis 	
320062	Spirinia parasitifera	DORYLAIMIA	RHABDITIDA	DESMODORINA	DESMADORIDAE	7	2				Makino, S. (1951). An atlas of the chromosome numbers in animals. Iowa State College Press, Ames.	
54126	Pristionchus pacificus	CHROMADOREA	RHABDITIDA	RHABDITINA	DIPLOGASTERIDAE	6	2	XX/X0			Mitreva et al. (2005)	
37862	Heterorhabditis bacteriophora	CHROMADOREA	RHABDITIDA	RHABDITINA	HETERORHABDITIDAE	7	2				https://core.ac.uk/download/pdf/39865835.pdf	
52065	Heterorhabditis megidis	CHROMADOREA	RHABDITIDA	RHABDITINA	HETERORHABDITIDAE	7	2				https://core.ac.uk/download/pdf/39865835.pdf	
2138241	Mesorhabditis belari	CHROMADOREA	RHABDITIDA	RHABDITINA	MESORHABDITIDAE	10	2	XX/XY		parthenogenesis autopseudogamy	https://science.sciencemag.org/content/363/6432/1210	
44603	Dictyocaulus filaria	CHROMADOREA	RHABDITIDA	RHABDITINA	METASTRONGYLIDAE	6	2	XX/X0		male | female | amphimixis	Struckmann, 1906, Walton, 1940 	
29172	Dictyocaulus viviparus	CHROMADOREA	RHABDITIDA	RHABDITINA	METASTRONGYLIDAE	6	2	XX/X0		male | female | amphimixis	Walton, 1940	
1705085	Metastrongylus apri	CHROMADOREA	RHABDITIDA	RHABDITINA	METASTRONGYLIDAE	6	2	XX/X0			Gulick, 1911, Walton, 1940	
174716	Rhabdias bufonis	CHROMADOREA	RHABDITIDA	RHABDITINA	RHABDIASIDAE	6	2	XX/X0		amphimixis	A.C Triantaphyllou (1983) Cytogenetic aspects of nematode evolution pp55-71 in Stone et al Concepts in nematode Systematics Walton 1940, Runey 1978	
174716	Rhabdias bufonis	CHROMADOREA	RHABDITIDA	RHABDITINA	RHABDIASIDAE	6	2	XX/X0		hermaphrodite	Schleip, 1911	
1492862	Rhabdias elegans	CHROMADOREA	RHABDITIDA	RHABDITINA	RHABDIASIDAE	6	2	XX/X0			Nigon & Dougherty 1949	
357927	Rhabdias ranae	CHROMADOREA	RHABDITIDA	RHABDITINA	RHABDIASIDAE	6	2	XX/X0		heterogony-amphimixis	A.C Triantaphyllou (1983) Cytogenetic aspects of nematode evolution pp55-71 in Stone et al Concepts in nematode Systematics; Walton 1940, Runey 1978	
473160	Auanema rhodensis	CHROMADOREA	RHABDITIDA	RHABDITINA	RHABDITIDAE	7	2	XX/X0		male | female | hermaphrodite	Tandonnet S., Farrell M.C., Koutsovoulos G.D., Blaxter M.L., Parihar M., et al., 2018 Sex- and gamete-specific patterns of X chromosome segregation in a trioecious nematode. Curr Biol 28: 93–99 e93.	
6238	Caenorhabditis briggsae	CHROMADOREA	RHABDITIDA	RHABDITINA	RHABDITIDAE	6	2	XX/X0		male | protandrous hermaphrodite	Mitreva et al. (2005)	
6239	Caenorhabditis elegans	CHROMADOREA	RHABDITIDA	RHABDITINA	RHABDITIDAE	6	2	XX/X0		male | protandrous hermaphrodite	Mitreva et al. (2005)	
281687	Caenorhabditis japonica	CHROMADOREA	RHABDITIDA	RHABDITINA	RHABDITIDAE	6	2	XX/X0			Mitreva et al. (2005)	
31234	Caenorhabditis remanei	CHROMADOREA	RHABDITIDA	RHABDITINA	RHABDITIDAE	6	2	XX/X0			Mitreva et al. (2005)	
288516	Diploscapter coronatus	CHROMADOREA	RHABDITIDA	RHABDITINA	RHABDITIDAE	1	2			parthenogenesis 	A.C Triantaphyllou (1983) Cytogenetic aspects of nematode evolution pp55-71 in Stone et al Concepts in nematode Systematics Hechler 1968	
367193	Diploscapter lycostoma	CHROMADOREA	RHABDITIDA	RHABDITINA	RHABDITIDAE	1	2			parthenogenesis 	Fradin et al https://www.cell.com/current-biology/fulltext/S0960-9822%2817%2931076-X	
2018661	Diploscapter pachys	CHROMADOREA	RHABDITIDA	RHABDITINA	RHABDITIDAE	1	2			parthenogenesis 	Fradin et al https://www.cell.com/current-biology/fulltext/S0960-9822%2817%2931076-X	
141969	Oscheius tipulae	CHROMADOREA	RHABDITIDA	RHABDITINA	RHABDITIDAE	6	2	XX/X0	yes		Besnard et al	
96659	Poikilolaimus oxycercus	CHROMADOREA	RHABDITIDA	RHABDITINA	RHABDITIDAE	5	2				Fradin et al https://www.cell.com/current-biology/fulltext/S0960-9822%2817%2931076-X	
281684	Prodontorhabditis wirthi	CHROMADOREA	RHABDITIDA	RHABDITINA	RHABDITIDAE	6	2				Fradin et al https://www.cell.com/current-biology/fulltext/S0960-9822%2817%2931076-X	
473172	Protorhabditis sp. 4 JB122	CHROMADOREA	RHABDITIDA	RHABDITINA	RHABDITIDAE	1	2			pseudogamous	Fradin et al https://www.cell.com/current-biology/fulltext/S0960-9822%2817%2931076-X	
321369	Stephanurus dentatus	CHROMADOREA	RHABDITIDA	RHABDITINA	STRONGYLIDAE	6	2				Tromba & Stecke, 1957	
40346	Strongylus edentatus	CHROMADOREA	RHABDITIDA	RHABDITINA	STRONGYLIDAE	6	2	XX/X0			Kúhtz, 1913, Walton, 1940	
40347	Strongylus equinus	CHROMADOREA	RHABDITIDA	RHABDITINA	STRONGYLIDAE	6	2	XX/X0			Kúhtz, 1913, Walton, 1940	
40348	Strongylus vulgaris	CHROMADOREA	RHABDITIDA	RHABDITINA	STRONGYLIDAE	6	2	XX/X0			Kúhtz, 1913, Walton, 1940	
6289	Haemonchus contortus	CHROMADOREA	RHABDITIDA	RHABDITINA	TRICHOSTRONGYLIDAE	6	2	XX/X0		male | female | amphimixis	Bremner, 1955 	
40351	Trichostrongylus tenuis	CHROMADOREA	RHABDITIDA	RHABDITINA	TRICHOSTRONGYLIDAE	6	2	XX/X0		male | female | amphimixis	Gulick, 1911, Walton, 1940	
2710681	Dispharynx nasuta	CHROMADOREA	RHABDITIDA	SPIRURINA	ACUARIIDAE	6	2	XX/X0			Makino, S. (1951). An atlas of the chromosome numbers in animals. Iowa State College Press, Ames.	
292499	Contracaecum spiculigerum	CHROMADOREA	RHABDITIDA	SPIRURINA	ANISAKIDAE	8	2	XX/X0			Gulick, 1911, Walton, 1940 Makino, S. (1951). An atlas of the chromosome numbers in animals. Iowa State College Press, Ames.	5
118886	Hysterothylacium aduncum	CHROMADOREA	RHABDITIDA	SPIRURINA	ANISAKIDAE	12	2	XX/X0			Walton, 1940	
544313	Ascaridia compar	CHROMADOREA	RHABDITIDA	SPIRURINA	ASCARIDIDAE	5	2	XX/X0			Mutafova (1995)	
6252	Ascaris lumbricoides	CHROMADOREA	RHABDITIDA	SPIRURINA	ASCARIDIDAE	24	2	X5X5/X50	yes +12 chr	male | female | amphimixis	Homedes, 1933	
6253	Ascaris suum	CHROMADOREA	RHABDITIDA	SPIRURINA	ASCARIDIDAE	24	2	X5X5/X50	yes	male | female | amphimixis	Homedes, 1933	
6260	Baylisascaris transfuga	CHROMADOREA	RHABDITIDA	SPIRURINA	ASCARIDIDAE	18	2				Mutafova (1995)	
2511119	Ophidascaris filaria	CHROMADOREA	RHABDITIDA	SPIRURINA	ASCARIDIDAE	7	2				Homedes, 1933	
6256	Parascaris equorum	CHROMADOREA	RHABDITIDA	SPIRURINA	ASCARIDIDAE	1	2		yes		Makino, S. (1951). An atlas of the chromosome numbers in animals. Iowa State College Press, Ames.; Walton, 1924; Li, 1934; Li, 1937	2, 3, 4, 5, 6, 9
59264	Toxascaris leonina	CHROMADOREA	RHABDITIDA	SPIRURINA	ASCARIDIDAE	20	2				Mutafova (1995)	
6265	Toxocara canis	CHROMADOREA	RHABDITIDA	SPIRURINA	ASCARIDIDAE	18	2	X8X8/X80	yes +8 chr		Walton, 1924; Mutafova (1995); Makino, S. (1951). An atlas of the chromosome numbers in animals. Iowa State College Press, Ames.	11, 12, 22, 23, 24
6266	Toxocara cati	CHROMADOREA	RHABDITIDA	SPIRURINA	ASCARIDIDAE	9	2	X6X6/X60	yes		Walton, 1924	10, 11
62080	Toxocara vitulorum	CHROMADOREA	RHABDITIDA	SPIRURINA	ASCARIDIDAE	9	2				Homedes, 1933	
219738	Trichuris vulpis	CHROMADOREA	RHABDITIDA	SPIRURINA	ASCARIDIDAE	12	2				Walton, 1924	
378086	Camallanus lacustris	CHROMADOREA	RHABDITIDA	SPIRURINA	CAMALLANIDAE	6	2				Walton, 1940	
637853	Gongylonema pulchrum	CHROMADOREA	RHABDITIDA	SPIRURINA	GONGYLONEMATIDAE	5	2	XX/X0			Valero et al, 1982 http://dx.doi.org/10.1051/parasite/2000073180	
46685	Ascaridia galli	CHROMADOREA	RHABDITIDA	SPIRURINA	HETERAKIDAE	5	2	XX/X0		male | female | amphimixis	Walton, 1940 	4
596441	Heterakis dispar	CHROMADOREA	RHABDITIDA	SPIRURINA	HETERAKIDAE	5	2				Gulick, 1911, Walton, 1940	
65465	Heterakis gallinarum	CHROMADOREA	RHABDITIDA	SPIRURINA	HETERAKIDAE	5	2				Mutafova (1995)	
596456	Heterakis papillosa	CHROMADOREA	RHABDITIDA	SPIRURINA	HETERAKIDAE	5	2	XX/X0			Gulick, 1911, Walton, 1940	
2731334	Heterakis sp.	CHROMADOREA	RHABDITIDA	SPIRURINA	HETERAKIDAE	5	2				Walton, 1924	
596462	Heterakis spumosa	CHROMADOREA	RHABDITIDA	SPIRURINA	HETERAKIDAE	5	2				Walton, 1924	
2689298	Cruzia tentaculata	CHROMADOREA	RHABDITIDA	SPIRURINA	KATHLANIIDAE	6	2	XX/X0			Walton, 1924	
6277	Acanthocheilonema viteae	CHROMADOREA	RHABDITIDA	SPIRURINA	ONCHOCERCINAE	6	2	XX/X0		male | female | amphimixis	Post http://www.filariajournal.com/content/4/1/10	
6279	Brugia malayi	CHROMADOREA	RHABDITIDA	SPIRURINA	ONCHOCERCINAE	5	2	XX/XY		male | female | amphimixis	Post http://www.filariajournal.com/content/4/1/26	
6280	Brugia pahangi	CHROMADOREA	RHABDITIDA	SPIRURINA	ONCHOCERCINAE	5	2	XX/XY		male | female | amphimixis	Post http://www.filariajournal.com/content/4/1/25	
6287	Dirofilaria immitis	CHROMADOREA	RHABDITIDA	SPIRURINA	ONCHOCERCINAE	5	2	XX/X0		male | female | amphimixis	Post http://www.filariajournal.com/content/4/1/21	6
221929	Litomosoides galizai	CHROMADOREA	RHABDITIDA	SPIRURINA	ONCHOCERCINAE	6	2	XX/X0		male | female | amphimixis	Post http://www.filariajournal.com/content/4/1/18 Wade & Post, unpublished	
42156	Litomosoides sigmodontis	CHROMADOREA	RHABDITIDA	SPIRURINA	ONCHOCERCINAE	5	2	XX/X0		male | female | amphimixis	Post http://www.filariajournal.com/content/4/1/16	6
7209	Loa loa	CHROMADOREA	RHABDITIDA	SPIRURINA	ONCHOCERCINAE	6	2	XX/X0		male | female | amphimixis	Post http://www.filariajournal.com/content/4/1/20	
992335	Monanema martini	CHROMADOREA	RHABDITIDA	SPIRURINA	ONCHOCERCINAE	6	2	XX/X0		male | female | amphimixis	Post http://www.filariajournal.com/content/4/1/19	
36091	Onchocerca armillata	CHROMADOREA	RHABDITIDA	SPIRURINA	ONCHOCERCINAE	5	2	XX/XY		male | female | amphimixis	Post http://www.filariajournal.com/content/4/1/33	
173668	Onchocerca dukei	CHROMADOREA	RHABDITIDA	SPIRURINA	ONCHOCERCINAE	6	2	XX/XY			Post et al, 1991 http://dx.doi.org/10.1051/parasite/2000073202	5
6284	Onchocerca gibsoni	CHROMADOREA	RHABDITIDA	SPIRURINA	ONCHOCERCINAE	4	2	XX/XY		male | female | amphimixis	Post http://www.filariajournal.com/content/4/1/38	
6283	Onchocerca gutturosa	CHROMADOREA	RHABDITIDA	SPIRURINA	ONCHOCERCINAE	5	2	XX/XY		male | female | amphimixis	Post http://www.filariajournal.com/content/4/1/29	
263205	Onchocerca linealis	CHROMADOREA	RHABDITIDA	SPIRURINA	ONCHOCERCINAE	5	2	XX/XY			Post et al, 1989 http://dx.doi.org/10.1051/parasite/2000073205	
42157	Onchocerca ochengi	CHROMADOREA	RHABDITIDA	SPIRURINA	ONCHOCERCINAE	5	2	XX/XY		male | female | amphimixis	Post http://www.filariajournal.com/content/4/1/37	
6282	Onchocerca volvulus	CHROMADOREA	RHABDITIDA	SPIRURINA	ONCHOCERCINAE	4	2	XX/XY		male | female | amphimixis	Post http://www.filariajournal.com/content/4/1/46	2, 5
65603	Setaria cervi	CHROMADOREA	RHABDITIDA	SPIRURINA	ONCHOCERCINAE	6	2	XX/X0			Podgornova et al, 1979 http://dx.doi.org/10.1051/parasite/2000073187	
48799	Setaria digitata	CHROMADOREA	RHABDITIDA	SPIRURINA	ONCHOCERCINAE	6	2	XX/X0		male | female | amphimixis	Post http://www.filariajournal.com/content/4/1/14	
6293	Wuchereria bancrofti	CHROMADOREA	RHABDITIDA	SPIRURINA	ONCHOCERCINAE	5	2	XX/XY		male | female | amphimixis	Post http://www.filariajournal.com/content/4/1/28	
451377	Aspiculuris tetraptera	CHROMADOREA	RHABDITIDA	SPIRURINA	OXYURIDAE	6	2	hd			Adamson Adv Para https://doi.org/10.1016/S0065-308X(08)60333-4	
509722	Hammerschmidtiella diesingi	CHROMADOREA	RHABDITIDA	SPIRURINA	OXYURIDAE	5	2	hd			Adamson Adv Para https://doi.org/10.1016/S0065-308X(08)60333-4 Adamson and Nasher (1987)	
451380	Passalurus ambiguus	CHROMADOREA	RHABDITIDA	SPIRURINA	OXYURIDAE	4	2	hd			Meves, 1920; Makino, S. (1951). An atlas of the chromosome numbers in animals. Iowa State College Press, Ames. 	1, 2
412127	Syphacia obvelata	CHROMADOREA	RHABDITIDA	SPIRURINA	OXYURIDAE	4	2	hd			Adamson Adv Para https://doi.org/10.1016/S0065-308X(08)60333-4	8
75559	Physaloptera turgida	CHROMADOREA	RHABDITIDA	SPIRURINA	PHYSALOPTERIDAE	5	2	XX/X0			Walton, 1924 	
214005	Cystidicola farionis	CHROMADOREA	RHABDITIDA	SPIRURINA	RHABDOCHONIDAE	6	2	XX/X0			Muslow, 1912	
214006	Cystidicola stigmatura	CHROMADOREA	RHABDITIDA	SPIRURINA	RHABDOCHONIDAE	6	2	XX/X0			Boyes & Anderson, 1961 http://dx.doi.org/10.1051/parasite/2000073185	
108094	Setaria labiatopapillosa	CHROMADOREA	RHABDITIDA	SPIRURINA	SIRURUIDA	3	2	XX/X0		amphimixis	A.C Triantaphyllou (1983) Cytogenetic aspects of nematode evolution pp55-71 in Stone et al Concepts in nematode Systematics Podgornova 1978	
1499391	Mastophorus muris	CHROMADOREA	RHABDITIDA	SPIRURINA	SPIROCERCIDAE	5	2	XX/X0		male | female | amphimixis	Spakulova et al. (2000)	
1766045	Protospirura muricola	CHROMADOREA	RHABDITIDA	SPIRURINA	SPIRURIDAE	5	2	XX/X0			Walton, 1924 	
103827	Thelazia callipaeda	CHROMADOREA	RHABDITIDA	SPIRURINA	THELAZIIDAE	4	2	XX/X0			Sakaguchi & Kihara, 1984	
165870	Anguina agrostis	CHROMADOREA	RHABDITIDA	TYLENCHINA	ANGUINIDAE	18	2				Parazitologiia. Jul-Aug 1977;11(4):366-8.	
1859146	Anguina paludicola	CHROMADOREA	RHABDITIDA	TYLENCHINA	ANGUINIDAE	18	2				https://www.biotaxa.org/Zootaxa/article/view/zootaxa.2060.1.3	
269767	Aphelenchoides besseyi	CHROMADOREA	RHABDITIDA	TYLENCHINA	APHELENCHOIDIDAE	3	2			amphimixis	Yoshida Journal of Nematology 41(1):17–22. 2009 https://www.ncbi.nlm.nih.gov/pmc/articles/PMC3365301/pdf/17.pdf	
1510644	Aphelenchoides composticola	CHROMADOREA	RHABDITIDA	TYLENCHINA	APHELENCHOIDIDAE	4	2			amphimixis	https://core.ac.uk/download/pdf/39878708.pdf	
57562	Belonolaimus longicaudatus	CHROMADOREA	RHABDITIDA	TYLENCHINA	BELONOLAIMIDAE	8	2				http://nemaplex.ucdavis.edu/Taxadata/G022s1.aspx	
70226	Aphelenchus avenae	CHROMADOREA	RHABDITIDA	TYLENCHINA	MELOIDOGYNIDAE	8	2				https://www.ncbi.nlm.nih.gov/pmc/articles/PMC2620164/pdf/168.pdf	9
182293	Globodera mexicana	CHROMADOREA	RHABDITIDA	TYLENCHINA	HETERODERIDAE	9	2			amphimixis	Triantaphyllou J Nem 2 26-32	
36090	Globodera pallida	CHROMADOREA	RHABDITIDA	TYLENCHINA	HETERODERIDAE	9	2				https://www.ncbi.nlm.nih.gov/pmc/articles/PMC4054857/	
31243	Globodera rostochiensis	CHROMADOREA	RHABDITIDA	TYLENCHINA	HETERODERIDAE	9	2			amphimixis	Triantaphyllou J Nem 2 26-32	
34510	Heterodera avenae	CHROMADOREA	RHABDITIDA	TYLENCHINA	HETERODERIDAE	9	2			amphimixis	Triantaphyllou J Nem 2 26-32	
157847	Heterodera carotae	CHROMADOREA	RHABDITIDA	TYLENCHINA	HETERODERIDAE	9	2			amphimixis	Triantaphyllou J Nem 2 26-32	
157849	Heterodera cruciferae	CHROMADOREA	RHABDITIDA	TYLENCHINA	HETERODERIDAE	9	2			amphimixis	Triantaphyllou J Nem 2 26-32	
51029	Heterodera glycines	CHROMADOREA	RHABDITIDA	TYLENCHINA	HETERODERIDAE	9	2			amphimixis	https://jcs.biologists.org/content/joces/43/1/225.full.pdf	14, 18
57557	Heterodera goettingiana	CHROMADOREA	RHABDITIDA	TYLENCHINA	HETERODERIDAE	9	2			amphimixis	Triantaphyllou J Nem 2 26-32	
2759895	Heterodera oryzae	CHROMADOREA	RHABDITIDA	TYLENCHINA	HETERODERIDAE	9	2			amphimixis	Triantaphyllou J Nem 2 26-32	
97005	Heterodera schachtii	CHROMADOREA	RHABDITIDA	TYLENCHINA	HETERODERIDAE	9	2			amphimixis	Triantaphyllou J Nem 2 26-32	
2055750	Meloidodera floridensis	CHROMADOREA	RHABDITIDA	TYLENCHINA	HETERODERIDAE	26	3			apomixis	Triantaphyllou AC. Oogenesis and the Chromosomes of the Cystoid Nematode, Meloidodera floridensis. J Nematol. 1971;3: 183–188. Available: https://www.ncbi.nlm.nih.gov/pubmed/19322366	27
1965296	Meloidogyne africana	CHROMADOREA	RHABDITIDA	TYLENCHINA	MELOIDOGYNIDAE	21				apomixis	Janssen T, Karssen G, Topalović O, Coyne D, Bert W. Integrative taxonomy of root-knot nematodes reveals multiple independent origins of mitotic parthenogenesis. PLoS One. 2017;12: e0172190. doi:10.1371/journal.pone.0172190	
6304	Meloidogyne arenaria	CHROMADOREA	RHABDITIDA	TYLENCHINA	MELOIDOGYNIDAE	36				automixis	Triantaphyllou AC: Polyploidy and Parthenogenesis in the Root-knot Nematode Meloidogyne arenaria. Journal of Morphology 1963, 113:489Ð499.                                                                                                                                                                               	30, 35, 40, 50, 51, 53, 54
59747	Meloidogyne chitwoodi	CHROMADOREA	RHABDITIDA	TYLENCHINA	MELOIDOGYNIDAE	14				automixis	Triantaphyllou AC: Cytogenetics, cytotaxonomy and phylogeny of root-knot nematodes. In An advanced treatise on Meloidogyne vol. I. Biology and control. Edited by J. N. Sasser ACCC. Raleigh: North Carolina  Marais M, DE W. KRUGER JC: THE CYTOGENETICS OF SOME SOUTH AFRICAN ROOT ·KNOT NEMATODES (HETERODERIDAE: NEMATODA). Phytophylactica 1991, 23:265–272.                                                                                                                                                                      State University; 1985.                                                                                     	28
1154578	Meloidogyne cruciani	CHROMADOREA	RHABDITIDA	TYLENCHINA	MELOIDOGYNIDAE	42				apomixis	Triantaphyllou AC: Cytogenetics, cytotaxonomy and phylogeny of root-knot nematodes. In An advanced treatise on Meloidogyne vol. I. Biology and control. Edited by J. N. Sasser ACCC. Raleigh: North Carolina State University; 1985.                                                                                     	
390850	Meloidogyne enterolobii	CHROMADOREA	RHABDITIDA	TYLENCHINA	MELOIDOGYNIDAE	44				apomixis	Rammah A, Hirschmann H: Meloidogyne mayaguensis n. sp. (Meloidogynidae), a Root-knot Nematode from Puerto Rico. J Nematol 1988, 20:58–69. Triantaphyllou AC: Cytogenetics, cytotaxonomy and phylogeny of root-knot nematodes. In An advanced treatise on Meloidogyne vol. I. Biology and control. Edited by J. N. Sasser ACCC. Raleigh: North Carolina State University; 1985.                                                                                     	46
186942	Meloidogyne exigua	CHROMADOREA	RHABDITIDA	TYLENCHINA	MELOIDOGYNIDAE	18				automixis	Triantaphyllou AC: Cytogenetics, cytotaxonomy and phylogeny of root-knot nematodes. In An advanced treatise on Meloidogyne vol. I. Biology and control. Edited by J. N. Sasser ACCC. Raleigh: North Carolina State University; 1985.                                                                                     	
298350	Meloidogyne floridensis	CHROMADOREA	RHABDITIDA	TYLENCHINA	MELOIDOGYNIDAE	18				automixis	Handoo ZA, Nyczepir AP, Esmenjaud D, van der Beek JG, Castagnone-Sereno P, Carta LK, Skantar AM, Higgins JA: Morphological, Molecular, and Differential-Host Characterization of Meloidogyne floridensis n. sp. (Nematoda: Meloidogynidae), a Root-Knot Nematode Parasitizing Peach in Florida. J Nematol 2004, 36:20–35.	9; automixis
189291	Meloidogyne graminicola	CHROMADOREA	RHABDITIDA	TYLENCHINA	MELOIDOGYNIDAE	18				automixis	Triantaphyllou AC: Cytogenetics, cytotaxonomy and phylogeny of root-knot nematodes. In An advanced treatise on Meloidogyne vol. I. Biology and control. Edited by J. N. Sasser ACCC. Raleigh: North Carolina State University; 1985.      Triantaphyllou J Nem 2 26-32                                                                               	
299423	Meloidogyne graminis	CHROMADOREA	RHABDITIDA	TYLENCHINA	MELOIDOGYNIDAE	18				automixis	Triantaphyllou AC: Cytogenetics, cytotaxonomy and phylogeny of root-knot nematodes. In An advanced treatise on Meloidogyne vol. I. Biology and control. Edited by J. N. Sasser ACCC. Raleigh: North Carolina State University; 1985.                                                                                     	
6305	Meloidogyne hapla	CHROMADOREA	RHABDITIDA	TYLENCHINA	MELOIDOGYNIDAE	34	2			automixis	Triantaphyllou AC: Cytogenetics, cytotaxonomy and phylogeny of root-knot nematodes. In An advanced treatise on Meloidogyne vol. I. Biology and control. Edited by J. N. Sasser ACCC. Raleigh: North Carolina State University; 1985.                                                                                     	13, 26, 28, 30 (M. hapla A); 31, 32, 43, 45 (M hapla B)
520120	Meloidogyne hispanica	CHROMADOREA	RHABDITIDA	TYLENCHINA	MELOIDOGYNIDAE	33				apomixis	Triantaphyllou AC: Cytogenetics, cytotaxonomy and phylogeny of root-knot nematodes. In An advanced treatise on Meloidogyne vol. I. Biology and control. Edited by J. N. Sasser ACCC. Raleigh: North Carolina State University; 1985.                                                                                     	
6306	Meloidogyne incognita	CHROMADOREA	RHABDITIDA	TYLENCHINA	MELOIDOGYNIDAE	34				apomixis	Marais M, DE W. KRUGER JC: THE CYTOGENETICS OF SOME SOUTH AFRICAN ROOT ·KNOT NEMATODES (HETERODERIDAE: NEMATODA). Phytophylactica 1991, 23:265–272.                                                                                                                                                                      	30, 32, 35, 36, 41
1154580	Meloidogyne izalcoensis	CHROMADOREA	RHABDITIDA	TYLENCHINA	MELOIDOGYNIDAE	44				apomixis	Carneiro RMDG, Almeida MRA, Gomes ACMM, Hernandez A: Meloidogyne izalcoensis n. sp. (Nematoda: Meloidogynidae), a root-knot nematode parasitising coffee in El Salvador. Nematology 2005, 7:819–832.                                                                                                                     	
6303	Meloidogyne javanica	CHROMADOREA	RHABDITIDA	TYLENCHINA	MELOIDOGYNIDAE	41				apomixis	Triantaphyllou AC: Cytogenetics, cytotaxonomy and phylogeny of root-knot nematodes. In An advanced treatise on Meloidogyne vol. I. Biology and control. Edited by J. N. Sasser ACCC. Raleigh: North Carolina State University; 1985. Marais M, DE W. KRUGER JC: THE CYTOGENETICS OF SOME SOUTH AFRICAN ROOT ·KNOT NEMATODES (HETERODERIDAE: NEMATODA). Phytophylactica 1991, 23:265–272.	42, 43, 46
2664144	Meloidogyne kikuyensis	CHROMADOREA	RHABDITIDA	TYLENCHINA	MELOIDOGYNIDAE	7	2			amphimixis	Triantaphyllou AC: Cytogenetic status of Meloidogyne kikuyensis in relation to other root-knot nematodes. Revue de Nematologie 1990, 13:175–180.                                                                                                                                                                         	
189292	Meloidogyne konaensis	CHROMADOREA	RHABDITIDA	TYLENCHINA	MELOIDOGYNIDAE	44				apomixis	Eisenback JD, Bernard EC, Schmitt DP: Description of the Kona Coffee Root-knot Nematode, Meloidogyne konaensis n. sp. J Nematol 1994, 26:363–374.                                                                                                                                                                        	
537484	Meloidogyne mali	CHROMADOREA	RHABDITIDA	TYLENCHINA	MELOIDOGYNIDAE	24	2			amphimixis	Janssen T, Karssen G, Topalović O, Coyne D, Bert W. Integrative taxonomy of root-knot nematodes reveals multiple independent origins of mitotic parthenogenesis. PLoS One. 2017;12: e0172190. doi:10.1371/journal.pone.0172190	
191635	Meloidogyne microtyla	CHROMADOREA	RHABDITIDA	TYLENCHINA	MELOIDOGYNIDAE	18	2			amphimixis	Triantaphyllou AC: Cytogenetics, cytotaxonomy and phylogeny of root-knot nematodes. In An advanced treatise on Meloidogyne vol. I. Biology and control. Edited by J. N. Sasser ACCC. Raleigh: North Carolina State University; 1985.  Goldstein P, Triantaphyllou AC: The synaptonemal complexes of Meloidogyne: relationship of structure and evolution of parthenogenesis. Chromosoma 1982, 87:117–124.                                                                                                                                                                                                                                          	19
235213	Meloidogyne minor	CHROMADOREA	RHABDITIDA	TYLENCHINA	MELOIDOGYNIDAE	34				automixis	Karssen G, Bolk RJ, Van Aelst AC, van den Beld I, Kox LF f., Korthals G, Molendijk L, Zijlstra C, Van Hoof R, Cook R: Description of Meloidogyne minor n. sp. (Nematoda: Meloidogynidae), a root-knot nematode associated with yellow patch disease in golf courses. Nematology 2004, 6:59–72.                           	
244176	Meloidogyne naasi	CHROMADOREA	RHABDITIDA	TYLENCHINA	MELOIDOGYNIDAE	18				automixis	Triantaphyllou AC: Cytogenetics, cytotaxonomy and phylogeny of root-knot nematodes. In An advanced treatise on Meloidogyne vol. I. Biology and control. Edited by J. N. Sasser ACCC. Raleigh: North Carolina State University; 1985.                                                                                     	
107756	Meloidogyne nataliei	CHROMADOREA	RHABDITIDA	TYLENCHINA	MELOIDOGYNIDAE	4		XX/XY		amphimixis	Triantaphyllou AC: Gametogenesis and the Chromosomes of Meloidogyne nataliei: Not Typical of Other Root-knot Nematodes. J Nematol 1985, 17:1–5.                                                                                                                                                                          	
325757	Meloidogyne oryzae	CHROMADOREA	RHABDITIDA	TYLENCHINA	MELOIDOGYNIDAE	51				apomixis	Triantaphyllou AC: Cytogenetics, cytotaxonomy and phylogeny of root-knot nematodes. In An advanced treatise on Meloidogyne vol. I. Biology and control. Edited by J. N. Sasser ACCC. Raleigh: North Carolina State University; 1985.                                                                                     	
189293	Meloidogyne paranaensis	CHROMADOREA	RHABDITIDA	TYLENCHINA	MELOIDOGYNIDAE	50				apomixis	Carneiro RM, Carneiro RG, Abrantes IM, Santos MS, Almeida MR: Meloidogyne paranaensis n. sp. (Nemata: Meloidogynidae), a Root-Knot Nematode Parasitizing Coffee in Brazil. J Nematol 1996, 28:177–189.	
285957	Meloidogyne partityla	CHROMADOREA	RHABDITIDA	TYLENCHINA	MELOIDOGYNIDAE	40				apomixis	Marais M, DE W. KRUGER JC: THE CYTOGENETICS OF SOME SOUTH AFRICAN ROOT ·KNOT NEMATODES (HETERODERIDAE: NEMATODA). Phytophylactica 1991, 23:265–272.                                                                                                                                                                      	
436084	Meloidogyne spartinae	CHROMADOREA	RHABDITIDA	TYLENCHINA	MELOIDOGYNIDAE	7	2			amphimixis	Tylenchida Parasites of Plants and Insects By Mohammad Rafiq Siddiqi · 2000	
6233	Panagrellus redivivus	CHROMADOREA	RHABDITIDA	TYLENCHINA	PANAGROLAIMIDAE	5	2	XX/X0			Fradin et al https://www.cell.com/current-biology/fulltext/S0960-9822%2817%2931076-X Hechler https://www.ncbi.nlm.nih.gov/pmc/articles/PMC2618770/pdf/355.pdf	
277884	Panagrolaimus davidi	CHROMADOREA	RHABDITIDA	TYLENCHINA	PANAGROLAIMIDAE	10	2			meiotic parthenogenetic	PhD Thesis Georgina O'Mahony Zamora,	7
591433	Panagrolaimus rigidus	CHROMADOREA	RHABDITIDA	TYLENCHINA	PANAGROLAIMIDAE	4	2	XX/X0		amphimixis	A.C Triantaphyllou (1983) Cytogenetic aspects of nematode evolution pp55-71 in Stone et al Concepts in nematode Systematics; Nigon 1949	
591445	Panagrolaimus sp. DAWI	CHROMADOREA	RHABDITIDA	TYLENCHINA	PANAGROLAIMIDAE	4	2			male | female	Schiffer et al https://doi.org/10.1016/j.isci.2019.10.041	
55785	Panagrolaimus sp. PS1159	CHROMADOREA	RHABDITIDA	TYLENCHINA	PANAGROLAIMIDAE	4	3			parthenogenesis 	Schiffer et al https://doi.org/10.1016/j.isci.2019.10.039	
310962	Panagrolaimus sp. PS1579	CHROMADOREA	RHABDITIDA	TYLENCHINA	PANAGROLAIMIDAE	4	3			parthenogenesis 	Schiffer et al https://doi.org/10.1016/j.isci.2019.10.042	
310955	Panagrolaimus superbus	CHROMADOREA	RHABDITIDA	TYLENCHINA	PANAGROLAIMIDAE	4	2			male | female	PhD Thesis Georgina O'Mahony Zamora,	
591449	Propanagrolaimus sp. JU765	CHROMADOREA	RHABDITIDA	TYLENCHINA	PANAGROLAIMIDAE	5	2			male | female	Schiffer et al https://doi.org/10.1016/j.isci.2019.10.044	
6326	Bursaphelenchus xylophilus	CHROMADOREA	RHABDITIDA	TYLENCHINA	PARASITAPHELENCHIDAE	6	2				Hasengawa et al. (2006)	
46008	Nacobbus aberrans			TYLENCHINA	PRATYLENCHIDAE	7	2			amphimixis	Anthoine G, Mugniéry D. Obligatory amphimixis and variation in chromosome number within and among South American populations of Nacobbus aberrans (Thorne, 1935) Thorne & Allen, 1944 (Nematoda: Pratylenchidae). Nematology. 2005;7: 783–787. doi:10.1163/156854105775143008	
45937	Pratylenchus coffeae	CHROMADOREA	RHABDITIDA	TYLENCHINA	PRATYLENCHIDAE	7	2			amphimixis	Roman and Triantaphyllou J Nem 1 357-364	
45929	Pratylenchus penetrans	CHROMADOREA	RHABDITIDA	TYLENCHINA	PRATYLENCHIDAE	5	2			amphimixis	Roman and Triantaphyllou J Nem 1 357-362	
45936	Pratylenchus scribneri	CHROMADOREA	RHABDITIDA	TYLENCHINA	PRATYLENCHIDAE	6	2			meiotic parthenogen	Roman and Triantaphyllou J Nem 1 357-365	
45931	Pratylenchus vulnus	CHROMADOREA	RHABDITIDA	TYLENCHINA	PRATYLENCHIDAE	6	2			amphimixis	Roman and Triantaphyllou J Nem 1 357-363	
46012	Radopholus similis	CHROMADOREA	RHABDITIDA	TYLENCHINA	PRATYLENCHIDAE	5	2			protandrous hermarphroditism	https://www.ncbi.nlm.nih.gov/pmc/articles/PMC2620439/	
162469	Steinernema affine	CHROMADOREA	RHABDITIDA	TYLENCHINA	STEINERNEMATIDAE	5	2				https://core.ac.uk/download/pdf/39865835.pdf	
52070	Steinernema anomali	CHROMADOREA	RHABDITIDA	TYLENCHINA	STEINERNEMATIDAE	5	2				https://core.ac.uk/download/pdf/39865835.pdf	
34508	Steinernema carpocapsae	CHROMADOREA	RHABDITIDA	TYLENCHINA	STEINERNEMATIDAE	5	2				https://core.ac.uk/download/pdf/39865835.pdf	
52066	Steinernema feltiae	CHROMADOREA	RHABDITIDA	TYLENCHINA	STEINERNEMATIDAE	5	2				https://core.ac.uk/download/pdf/39865835.pdf	
37863	Steinernema glaseri	CHROMADOREA	RHABDITIDA	TYLENCHINA	STEINERNEMATIDAE	5	2				https://core.ac.uk/download/pdf/39865835.pdf	
174720	Strongyloides papillosus	CHROMADOREA	RHABDITIDA	TYLENCHINA	STRONGYLOIDIDAE	2	2	XX/XY			Triantaphyllou & Moncol 1977 in Streit	
553534	Strongyloides ransomi	CHROMADOREA	RHABDITIDA	TYLENCHINA	STRONGYLOIDIDAE	2	2	XX/XY		heterogony-gynogenesis + parthenogenesis	A.C Triantaphyllou (1983) Cytogenetic aspects of nematode evolution pp55-71 in Stone et al Concepts in nematode Systematics	
34506	Strongyloides ratti	CHROMADOREA	RHABDITIDA	TYLENCHINA	STRONGYLOIDIDAE	3	2	XX/X0		male | female | amphimixis & parthenogenesis	Nigon & Roman, 1952	
6248	Strongyloides stercoralis	CHROMADOREA	RHABDITIDA	TYLENCHINA	STRONGYLOIDIDAE	3	2	XX/X0		male | female | amphimixis & parthenogenesis	Harvey & Viney (2001)	
6335	Trichinella nativa	DORYLAIMIA	TRICHOCEPHALIDA	[TRICHOCEPHALIDA]	TRICHINELLIDAE	3	2	XX/X0		male | female | amphimixis	Mutafova et al. (1982)	
6336	Trichinella nelsoni	DORYLAIMIA	TRICHOCEPHALIDA	[TRICHOCEPHALIDA]	TRICHINELLIDAE	3	2	XX/X0		male | female | amphimixis	Mutafova & Komandarev (1976)	
6337	Trichinella pseudospiralis	DORYLAIMIA	TRICHOCEPHALIDA	[TRICHOCEPHALIDA]	TRICHINELLIDAE	3	2	XX/X0		male | female | amphimixis	Mutafova et al. (1982)	
6334	Trichinella spiralis	DORYLAIMIA	TRICHOCEPHALIDA	[TRICHOCEPHALIDA]	TRICHINELLIDAE	3	2	XX/X0		male | female | amphimixis	Mutafova et al. (1982)	
36087	Trichuris trichiura	DORYLAIMIA	TRICHOCEPHALIDA	[TRICHOCEPHALIDA]	TRICHIURIDAE	4	2	XX/X0		amphimixis	A.C Triantaphyllou (1983) Cytogenetic aspects of nematode evolution pp55-71 in Stone et al Concepts in nematode Systematics	
2358201	Trichosomoides crassicauda	DORYLAIMIA	TRICHOCEPHALIDA	[TRICHOCEPHALIDA]	TRICHOSOMOIDIDAE	4	2	XX/X0			Walton, 1924	
	Xiphinema mediterraneum	DORYLAIMIA	DORYLAIMIDA	DORYLAIMINA	LONGIDORIDAE	5	2				https://www.tandfonline.com/doi/pdf/10.1080/02541858.1988.11448122?needAccess=true	
	Mesorhabditis monhystera	CHROMADOREA	RHABDITIDA	RHABDITINA	RHABDITIDAE	7	2			parthenogenesis 	Nigon, 1947	
	Strongylus tetracanthus	CHROMADOREA	RHABDITIDA	RHABDITINA	STRONGYLIDAE	6	2	XX/X0			Walton, 1940	
	Heterakis vesicularis	CHROMADOREA	RHABDITIDA	SPIRURINA	HETERAKIDAE	5	2				Makino, S. (1951). An atlas of the chromosome numbers in animals. Iowa State College Press, Ames.	
	Passalurus ambigua	CHROMADOREA	RHABDITIDA	SPIRURINA	OXYURIDAE	3	2	hd			Adamson Adv Para https://doi.org/10.1016/S0065-308X(08)60333-4	
	Seinura steineri	CHROMADOREA	RHABDITIDA	TYLENCHINA	APHELENCHOIDIDAE	6	2			automixis	A.C Triantaphyllou (1983) Cytogenetic aspects of nematode evolution pp55-71 in Stone et al Concepts in nematode Systematics Hechler & Taylor 1966	
	Cactodera weissi	CHROMADOREA	RHABDITIDA	TYLENCHINA	MELOIDOGYNIDAE	9	2			amphimixis	Triantaphyllou J Nem 2 26-32	
	Panagrolaimus sp. ES5	CHROMADOREA	RHABDITIDA	TYLENCHINA	PANAGROLAIMIDAE	4	3			parthenogenesis 	Schiffer et al https://doi.org/10.1016/j.isci.2019.10.043	
