Family	Genus	Species	Status	2020	lowest_priority	2021	2022	sample_collected	other_priority	family_representative	long_list
Anthocerotaceae	Anthoceros	agrestis	dtol_other_priority						DTOL		DTOL
Anthocerotaceae	Anthoceros	punctatus	dtol_family_representative				yes	DTOL		DTOL	DTOL
Notothyladaceae	Phaeoceros	carolinianus	dtol_other_priority						DTOL		DTOL
Notothyladaceae	Phaeoceros	laevis	dtol_family_representative				yes	DTOL		DTOL	DTOL
Acrobolbaceae	Acrobolbus	wilsonii	dtol_family_representative							DTOL	DTOL
Adelanthaceae	Adelanthus	lindenbergianus	dtol_other_priority						DTOL		DTOL
Adelanthaceae	Pseudomarsupidium	decipiens	dtol								DTOL
Adelanthaceae	Syzygiella	autumnalis	dtol_family_representative							DTOL	DTOL
Anastrophyllaceae	Anastrepta	orcadensis	dtol			yes		DTOL			DTOL
Anastrophyllaceae	Anastrophyllum	alpinum	dtol_other_priority						DTOL		DTOL
Anastrophyllaceae	Anastrophyllum	donnianum	dtol_family_representative			yes		DTOL		DTOL	DTOL
Anastrophyllaceae	Anastrophyllum	hellerianum	dtol								DTOL
Anastrophyllaceae	Anastrophyllum	joergensenii	dtol								DTOL
Anastrophyllaceae	Barbilophozia	barbata	dtol			yes		DTOL			DTOL
Anastrophyllaceae	Barbilophozia	hatcheri	dtol				yes	DTOL			DTOL
Anastrophyllaceae	Barbilophozia	kunzeana	dtol								DTOL
Anastrophyllaceae	Barbilophozia	lycopodioides	dtol								DTOL
Anastrophyllaceae	Barbilophozia	quadriloba	dtol								DTOL
Anastrophyllaceae	Barbilophozia	sudetica	dtol								DTOL
Anastrophyllaceae	Biantheridion	undulifolium	dtol								DTOL
Anastrophyllaceae	Gymnocolea	inflata	dtol								DTOL
Anastrophyllaceae	Isopaches	bicrenatus	dtol								DTOL
Anastrophyllaceae	Orthocaulis	atlanticus	dtol								DTOL
Anastrophyllaceae	Orthocaulis	attenuatus	dtol			yes		DTOL			DTOL
Anastrophyllaceae	Orthocaulis	floerkei	dtol			yes		DTOL			DTOL
Anastrophyllaceae	Sphenolobopsis	pearsonii	dtol								DTOL
Anastrophyllaceae	Sphenolobus	minutus	dtol								DTOL
Anastrophyllaceae	Sphenolobus	saxicola	dtol								DTOL
Anastrophyllaceae	Tetralophozia	setiformis	dtol								DTOL
Aneuraceae	Aneura	mirabilis	dtol				yes	DTOL			DTOL
Aneuraceae	Aneura	pinguis	dtol_other_priority						DTOL		DTOL
Aneuraceae	Riccardia	chamedryfolia	dtol								DTOL
Aneuraceae	Riccardia	incurvata	dtol								DTOL
Aneuraceae	Riccardia	latifrons	dtol								DTOL
Aneuraceae	Riccardia	multifida	dtol								DTOL
Aneuraceae	Riccardia	palmata	dtol_family_representative	yes				DTOL		DTOL	DTOL
Antheliaceae	Anthelia	julacea	dtol_family_representative							DTOL	DTOL
Antheliaceae	Anthelia	juratzkana	dtol_other_priority						DTOL		DTOL
Aytoniaceae	Reboulia	hemisphaerica	dtol_family_representative				yes	DTOL		DTOL	DTOL
Blasiaceae	Blasia	pusilla	dtol_family_representative			yes		DTOL		DTOL	DTOL
Blepharostomataceae	Blepharostoma	trichophyllum	dtol_family_representative							DTOL	DTOL
Calypogeiaceae	Calypogeia	arguta	dtol								DTOL
Calypogeiaceae	Calypogeia	azurea	dtol								DTOL
Calypogeiaceae	Calypogeia	fissa	dtol_family_representative							DTOL	DTOL
Calypogeiaceae	Calypogeia	integristipula	dtol								DTOL
Calypogeiaceae	Calypogeia	muelleriana	dtol_other_priority			yes		DTOL	DTOL		DTOL
Calypogeiaceae	Calypogeia	neesiana	dtol								DTOL
Calypogeiaceae	Calypogeia	sphagnicola	dtol								DTOL
Calypogeiaceae	Calypogeia	suecica	dtol								DTOL
Cephaloziaceae	Cephalozia	albescens	dtol								DTOL
Cephaloziaceae	Cephalozia	ambigua	dtol								DTOL
Cephaloziaceae	Cephalozia	bicuspidata	dtol_family_representative				yes	DTOL		DTOL	DTOL
Cephaloziaceae	Cephalozia	catenulata	dtol								DTOL
Cephaloziaceae	Cephalozia	connivens	dtol								DTOL
Cephaloziaceae	Cephalozia	crassifolia	dtol								DTOL
Cephaloziaceae	Cephalozia	curvifolia	dtol			yes		DTOL			DTOL
Cephaloziaceae	Cephalozia	leucantha	dtol								DTOL
Cephaloziaceae	Cephalozia	loitlesbergeri	dtol								DTOL
Cephaloziaceae	Cephalozia	lunulifolia	dtol								DTOL
Cephaloziaceae	Cephalozia	macrostachya	dtol								DTOL
Cephaloziaceae	Cephalozia	pleniceps	dtol								DTOL
Cephaloziaceae	Odontoschisma	denudatum	dtol								DTOL
Cephaloziaceae	Odontoschisma	elongatum	dtol								DTOL
Cephaloziaceae	Odontoschisma	fluitans	dtol								DTOL
Cephaloziaceae	Odontoschisma	francisci	dtol								DTOL
Cephaloziaceae	Odontoschisma	macounii	dtol								DTOL
Cephaloziaceae	Odontoschisma	sphagni	dtol_other_priority				yes	DTOL	DTOL		DTOL
Cephaloziellaceae	Cephaloziella	baumgartneri	dtol								DTOL
Cephaloziellaceae	Cephaloziella	calyculata	dtol								DTOL
Cephaloziellaceae	Cephaloziella	dentata	dtol								DTOL
Cephaloziellaceae	Cephaloziella	divaricata	dtol_other_priority			yes		DTOL	DTOL		DTOL
Cephaloziellaceae	Cephaloziella	elachista	dtol								DTOL
Cephaloziellaceae	Cephaloziella	hampeana	dtol								DTOL
Cephaloziellaceae	Cephaloziella	integerrima	dtol								DTOL
Cephaloziellaceae	Cephaloziella	massalongi	dtol								DTOL
Cephaloziellaceae	Cephaloziella	nicholsonii	dtol								DTOL
Cephaloziellaceae	Cephaloziella	rubella	dtol								DTOL
Cephaloziellaceae	Cephaloziella	spinigera	dtol								DTOL
Cephaloziellaceae	Cephaloziella	stellulifera	dtol								DTOL
Cephaloziellaceae	Cephaloziella	turneri	dtol								DTOL
Cephaloziellaceae	Obtusifolium	obtusum	dtol_family_representative							DTOL	DTOL
Cephaloziellaceae	Oleolophozia	perssonii	dtol								DTOL
Cephaloziellaceae	Protolophozia	herzogiana	dtol								DTOL
Cleveaceae	Clevea	hyalina	dtol_family_representative							DTOL	DTOL
Conocephalaceae	Conocephalum	conicum	dtol_family_representative	yes		yes		DTOL		DTOL	DTOL
Conocephalaceae	Conocephalum	salebrosum	dtol_other_priority			yes		DTOL	DTOL		DTOL
Dumortieraceae	Dumortiera	hirsuta	dtol_family_representative							DTOL	DTOL
Endogemmaceae	Endogemma	caespiticia	dtol_family_representative							DTOL	DTOL
Fossombroniaceae	Fossombronia	angulosa	dtol								DTOL
Fossombroniaceae	Fossombronia	caespitiformis	dtol								DTOL
Fossombroniaceae	Fossombronia	fimbriata	dtol								DTOL
Fossombroniaceae	Fossombronia	foveolata	dtol								DTOL
Fossombroniaceae	Fossombronia	husnotii	dtol								DTOL
Fossombroniaceae	Fossombronia	incurva	dtol								DTOL
Fossombroniaceae	Fossombronia	maritima	dtol								DTOL
Fossombroniaceae	Fossombronia	mittenii	dtol								DTOL
Fossombroniaceae	Fossombronia	pusilla	dtol_other_priority						DTOL		DTOL
Fossombroniaceae	Fossombronia	wondraczekii	dtol_family_representative							DTOL	DTOL
Frullaniaceae	Frullania	dilatata	dtol_other_priority	yes				DTOL	DTOL		DTOL
Frullaniaceae	Frullania	fragilifolia	dtol								DTOL
Frullaniaceae	Frullania	microphylla	dtol								DTOL
Frullaniaceae	Frullania	tamarisci	dtol_family_representative	yes				DTOL		DTOL	DTOL
Frullaniaceae	Frullania	teneriffae	dtol								DTOL
Geocalycaceae	Geocalyx	graveolens	dtol_family_representative							DTOL	DTOL
Gymnomitriaceae	Gymnomitrion	adustum	dtol								DTOL
Gymnomitriaceae	Gymnomitrion	alpinum	dtol								DTOL
Gymnomitriaceae	Gymnomitrion	brevissimum	dtol								DTOL
Gymnomitriaceae	Gymnomitrion	concinnatum	dtol								DTOL
Gymnomitriaceae	Gymnomitrion	corallioides	dtol								DTOL
Gymnomitriaceae	Gymnomitrion	crenulatum	dtol								DTOL
Gymnomitriaceae	Gymnomitrion	obtusum	dtol			yes		DTOL			DTOL
Gymnomitriaceae	Marsupella	apiculata	dtol								DTOL
Gymnomitriaceae	Marsupella	aquatica	dtol			yes		DTOL			DTOL
Gymnomitriaceae	Marsupella	arctica	dtol								DTOL
Gymnomitriaceae	Marsupella	boeckii	dtol								DTOL
Gymnomitriaceae	Marsupella	condensata	dtol								DTOL
Gymnomitriaceae	Marsupella	emarginata	dtol_family_representative	yes				DTOL		DTOL	DTOL
Gymnomitriaceae	Marsupella	funckii	dtol								DTOL
Gymnomitriaceae	Marsupella	profunda	dtol								DTOL
Gymnomitriaceae	Marsupella	sparsifolia	dtol								DTOL
Gymnomitriaceae	Marsupella	sphacelata	dtol								DTOL
Gymnomitriaceae	Marsupella	sprucei	dtol								DTOL
Gymnomitriaceae	Marsupella	stableri	dtol								DTOL
Gymnomitriaceae	Nardia	breidleri	dtol								DTOL
Gymnomitriaceae	Nardia	compressa	dtol								DTOL
Gymnomitriaceae	Nardia	geoscyphus	dtol								DTOL
Gymnomitriaceae	Nardia	insecta	dtol								DTOL
Gymnomitriaceae	Nardia	scalaris	dtol_other_priority			yes		DTOL	DTOL		DTOL
Haplomitriaceae	Haplomitrium	hookeri	dtol_family_representative							DTOL	DTOL
Harpanthaceae	Harpanthus	flotovianus	dtol_family_representative			yes		DTOL		DTOL	DTOL
Harpanthaceae	Harpanthus	scutatus	dtol_other_priority						DTOL		DTOL
Herbertaceae	Herbertus	borealis	dtol_other_priority			yes		DTOL	DTOL		DTOL
Herbertaceae	Herbertus	hutchinsiae	dtol_family_representative			yes		DTOL		DTOL	DTOL
Herbertaceae	Herbertus	norenus	dtol								DTOL
Herbertaceae	Herbertus	stramineus	dtol			yes		DTOL			DTOL
Hygrobiellaceae	Hygrobiella	laxifolia	dtol_family_representative							DTOL	DTOL
Jubulaceae	Jubula	hutchinsiae	dtol_family_representative							DTOL	DTOL
Jungermanniaceae	Eremonotus	myriocarpus	dtol								DTOL
Jungermanniaceae	Jungermannia	atrovirens	dtol								DTOL
Jungermanniaceae	Jungermannia	borealis	dtol								DTOL
Jungermanniaceae	Jungermannia	eucordifolia	dtol_family_representative			yes		DTOL		DTOL	DTOL
Jungermanniaceae	Jungermannia	polaris	dtol								DTOL
Jungermanniaceae	Jungermannia	pumila	dtol								DTOL
Jungermanniaceae	Liochlaena	lanceolata	dtol								DTOL
Jungermanniaceae	Mesoptychia	badensis	dtol								DTOL
Jungermanniaceae	Mesoptychia	bantriensis	dtol_other_priority			yes		DTOL	DTOL		DTOL
Jungermanniaceae	Mesoptychia	collaris	dtol								DTOL
Jungermanniaceae	Mesoptychia	fitzgeraldiae	dtol								DTOL
Jungermanniaceae	Mesoptychia	gillmanii	dtol								DTOL
Jungermanniaceae	Mesoptychia	heterocolpos	dtol								DTOL
Jungermanniaceae	Mesoptychia	rutheana	dtol								DTOL
Jungermanniaceae	Mesoptychia	turbinata	dtol								DTOL
Lejeuneaceae	Cololejeunea	calcarea	dtol								DTOL
Lejeuneaceae	Cololejeunea	microscopica	dtol								DTOL
Lejeuneaceae	Cololejeunea	rossettiana	dtol								DTOL
Lejeuneaceae	Colura	calyptrifolia	dtol				yes	DTOL			DTOL
Lejeuneaceae	Drepanolejeunea	hamatifolia	dtol								DTOL
Lejeuneaceae	Harpalejeunea	molleri	dtol								DTOL
Lejeuneaceae	Lejeunea	cavifolia	dtol								DTOL
Lejeuneaceae	Lejeunea	eckloniana	dtol								DTOL
Lejeuneaceae	Lejeunea	flava	dtol								DTOL
Lejeuneaceae	Lejeunea	hibernica	dtol								DTOL
Lejeuneaceae	Lejeunea	lamacerina	dtol								DTOL
Lejeuneaceae	Lejeunea	mandonii	dtol								DTOL
Lejeuneaceae	Lejeunea	patens	dtol_family_representative	yes				DTOL		DTOL	DTOL
Lejeuneaceae	Marchesinia	mackaii	dtol_other_priority						DTOL		DTOL
Lejeuneaceae	Microlejeunea	ulicina	dtol								DTOL
Lejeuneaceae	Myriocoleopsis	minutissima	dtol								DTOL
Lepidoziaceae	Bazzania	pearsonii	dtol			yes		DTOL			DTOL
Lepidoziaceae	Bazzania	tricrenata	dtol_family_representative			yes		DTOL		DTOL	DTOL
Lepidoziaceae	Bazzania	trilobata	dtol				yes	DTOL			DTOL
Lepidoziaceae	Kurzia	pauciflora	dtol								DTOL
Lepidoziaceae	Kurzia	sylvatica	dtol								DTOL
Lepidoziaceae	Kurzia	trichoclados	dtol				yes	DTOL			DTOL
Lepidoziaceae	Lepidozia	cupressina	dtol				yes	DTOL			DTOL
Lepidoziaceae	Lepidozia	pearsonii	dtol								DTOL
Lepidoziaceae	Lepidozia	reptans	dtol_other_priority	yes				DTOL	DTOL		DTOL
Lepidoziaceae	Telaranea	europaea	dtol								DTOL
Lepidoziaceae	Tricholepidozia	lindenbergii	dtol								DTOL
Lepidoziaceae	Tricholepidozia	tetradactyla	dtol				yes	DTOL			DTOL
Lophocoleaceae	Chiloscyphus	pallescens	dtol_other_priority						DTOL		DTOL
Lophocoleaceae	Chiloscyphus	polyanthos	dtol				yes	DTOL			DTOL
Lophocoleaceae	Heteroscyphus	fissistipus	dtol								DTOL
Lophocoleaceae	Leptoscyphus	cuneifolius	dtol								DTOL
Lophocoleaceae	Lophocolea	bidentata	dtol_family_representative	yes				DTOL		DTOL	DTOL
Lophocoleaceae	Lophocolea	bispinosa	dtol			yes		DTOL			DTOL
Lophocoleaceae	Lophocolea	brookwoodiana	dtol								DTOL
Lophocoleaceae	Lophocolea	fragrans	dtol								DTOL
Lophocoleaceae	Lophocolea	heterophylla	dtol								DTOL
Lophocoleaceae	Lophocolea	semiteres	dtol			yes		DTOL			DTOL
Lophoziaceae	Heterogemma	capitata	dtol								DTOL
Lophoziaceae	Lophozia	excisa	dtol			yes		DTOL			DTOL
Lophoziaceae	Lophozia	guttulata	dtol								DTOL
Lophoziaceae	Lophozia	longidens	dtol								DTOL
Lophoziaceae	Lophozia	ventricosa	dtol_other_priority			yes		DTOL	DTOL		DTOL
Lophoziaceae	Lophozia	wenzelii	dtol								DTOL
Lophoziaceae	Tritomaria	exsecta	dtol								DTOL
Lophoziaceae	Tritomaria	exsectiformis	dtol								DTOL
Lophoziaceae	Tritomaria	quinquedentata	dtol_family_representative	yes				DTOL		DTOL	DTOL
Lunulariaceae	Lunularia	cruciata	dtol_family_representative	yes				DTOL		DTOL	DTOL
Marchantiaceae	Marchantia	polymorpha	dtol_other_priority		yes	yes		DTOL	DTOL		DTOL
Marchantiaceae	Marchantia	polymorpha	dtol								DTOL
Marchantiaceae	Marchantia	quadrata	dtol_family_representative			yes		DTOL		DTOL	DTOL
Mastigophoraceae	Mastigophora	woodsii	dtol_family_representative			yes		DTOL		DTOL	DTOL
Metzgeriaceae	Metzgeria	conjugata	dtol			yes		DTOL			DTOL
Metzgeriaceae	Metzgeria	consanguinea	dtol								DTOL
Metzgeriaceae	Metzgeria	furcata	dtol_family_representative	yes				DTOL		DTOL	DTOL
Metzgeriaceae	Metzgeria	leptoneura	dtol								DTOL
Metzgeriaceae	Metzgeria	pubescens	dtol								DTOL
Metzgeriaceae	Metzgeria	violacea	dtol_other_priority				yes	DTOL	DTOL		DTOL
Moerckiaceae	Moerckia	blyttii	dtol_other_priority						DTOL		DTOL
Moerckiaceae	Moerckia	flotoviana	dtol								DTOL
Moerckiaceae	Moerckia	hibernica	dtol_family_representative							DTOL	DTOL
Myliaceae	Mylia	anomala	dtol_other_priority						DTOL		DTOL
Myliaceae	Mylia	taylorii	dtol_family_representative			yes		DTOL		DTOL	DTOL
Pallaviciniaceae	Pallavicinia	lyellii	dtol_family_representative							DTOL	DTOL
Pelliaceae	Pellia	endiviifolia	dtol_family_representative			yes		DTOL		DTOL	DTOL
Pelliaceae	Pellia	epiphylla	dtol_other_priority			yes		DTOL	DTOL		DTOL
Pelliaceae	Pellia	neesiana	dtol				yes	DTOL			DTOL
Petalophyllaceae	Petalophyllum	ralfsii	dtol_family_representative							DTOL	DTOL
Plagiochilaceae	Pedinophyllum	interruptum	dtol								DTOL
Plagiochilaceae	Plagiochila	asplenioides	dtol			yes		DTOL			DTOL
Plagiochilaceae	Plagiochila	bifaria	dtol								DTOL
Plagiochilaceae	Plagiochila	britannica	dtol								DTOL
Plagiochilaceae	Plagiochila	carringtonii	dtol_other_priority				yes	DTOL	DTOL		DTOL
Plagiochilaceae	Plagiochila	exigua	dtol								DTOL
Plagiochilaceae	Plagiochila	heterophylla	dtol								DTOL
Plagiochilaceae	Plagiochila	porelloides	dtol_family_representative	yes				DTOL		DTOL	DTOL
Plagiochilaceae	Plagiochila	punctata	dtol								DTOL
Plagiochilaceae	Plagiochila	spinulosa	dtol			yes		DTOL			DTOL
Pleuroziaceae	Pleurozia	purpurea	dtol_family_representative			yes		DTOL		DTOL	DTOL
Porellaceae	Porella	arboris-vitae	dtol_other_priority			yes		DTOL	DTOL		DTOL
Porellaceae	Porella	cordaeana	dtol_family_representative	yes				DTOL		DTOL	DTOL
Porellaceae	Porella	obtusata	dtol								DTOL
Porellaceae	Porella	pinnata	dtol								DTOL
Porellaceae	Porella	platyphylla	dtol								DTOL
Ptilidiaceae	Ptilidium	ciliare	dtol_family_representative	yes				DTOL		DTOL	DTOL
Ptilidiaceae	Ptilidium	pulcherrimum	dtol_other_priority						DTOL		DTOL
Radulaceae	Radula	aquilegia	dtol								DTOL
Radulaceae	Radula	carringtonii	dtol								DTOL
Radulaceae	Radula	complanata	dtol_family_representative	yes				DTOL		DTOL	DTOL
Radulaceae	Radula	holtii	dtol								DTOL
Radulaceae	Radula	lindenbergiana	dtol_other_priority						DTOL		DTOL
Radulaceae	Radula	voluta	dtol								DTOL
Ricciaceae	Riccia	beyrichiana	dtol			yes		DTOL			DTOL
Ricciaceae	Riccia	bifurca	dtol								DTOL
Ricciaceae	Riccia	canaliculata	dtol								DTOL
Ricciaceae	Riccia	cavernosa	dtol								DTOL
Ricciaceae	Riccia	crozalsii	dtol								DTOL
Ricciaceae	Riccia	crystallina	dtol								DTOL
Ricciaceae	Riccia	fluitans	dtol_other_priority						DTOL		DTOL
Ricciaceae	Riccia	glauca	dtol								DTOL
Ricciaceae	Riccia	huebeneriana	dtol								DTOL
Ricciaceae	Riccia	nigrella	dtol								DTOL
Ricciaceae	Riccia	rhenana	dtol								DTOL
Ricciaceae	Riccia	sorocarpa	dtol_family_representative							DTOL	DTOL
Ricciaceae	Riccia	subbifurca	dtol								DTOL
Ricciaceae	Ricciocarpos	natans	dtol								DTOL
Saccogynaceae	Saccogyna	viticulosa	dtol_family_representative				yes	DTOL		DTOL	DTOL
Scapaniaceae	Diplophyllum	albicans	dtol	yes				DTOL			DTOL
Scapaniaceae	Diplophyllum	obtusifolium	dtol								DTOL
Scapaniaceae	Diplophyllum	taxifolium	dtol								DTOL
Scapaniaceae	Douinia	ovata	dtol			yes		DTOL			DTOL
Scapaniaceae	Saccobasis	polita	dtol								DTOL
Scapaniaceae	Scapania	aequiloba	dtol								DTOL
Scapaniaceae	Scapania	aspera	dtol								DTOL
Scapaniaceae	Scapania	calcicola	dtol								DTOL
Scapaniaceae	Scapania	compacta	dtol				yes	DTOL			DTOL
Scapaniaceae	Scapania	curta	dtol								DTOL
Scapaniaceae	Scapania	cuspiduligera	dtol								DTOL
Scapaniaceae	Scapania	degenii	dtol								DTOL
Scapaniaceae	Scapania	gracilis	dtol			yes		DTOL			DTOL
Scapaniaceae	Scapania	gymnostomophila	dtol								DTOL
Scapaniaceae	Scapania	irrigua	dtol			yes		DTOL			DTOL
Scapaniaceae	Scapania	lingulata	dtol								DTOL
Scapaniaceae	Scapania	nemorea	dtol								DTOL
Scapaniaceae	Scapania	nimbosa	dtol_other_priority						DTOL		DTOL
Scapaniaceae	Scapania	ornithopodioides	dtol_family_representative			yes		DTOL		DTOL	DTOL
Scapaniaceae	Scapania	paludicola	dtol								DTOL
Scapaniaceae	Scapania	paludosa	dtol								DTOL
Scapaniaceae	Scapania	parvifolia	dtol								DTOL
Scapaniaceae	Scapania	praetervisa	dtol								DTOL
Scapaniaceae	Scapania	scandica	dtol								DTOL
Scapaniaceae	Scapania	subalpina	dtol								DTOL
Scapaniaceae	Scapania	uliginosa	dtol								DTOL
Scapaniaceae	Scapania	umbrosa	dtol			yes		DTOL			DTOL
Scapaniaceae	Scapania	undulata	dtol				yes	DTOL			DTOL
Scapaniaceae	Schistochilopsis	incisa	dtol								DTOL
Scapaniaceae	Schistochilopsis	opacifolia	dtol								DTOL
Solenostomataceae	Solenostoma	confertissimum	dtol								DTOL
Solenostomataceae	Solenostoma	gracillimum	dtol								DTOL
Solenostomataceae	Solenostoma	hyalinum	dtol								DTOL
Solenostomataceae	Solenostoma	obovatum	dtol_family_representative							DTOL	DTOL
Solenostomataceae	Solenostoma	paroicum	dtol_other_priority				yes	DTOL	DTOL		DTOL
Solenostomataceae	Solenostoma	sphaerocarpum	dtol								DTOL
Solenostomataceae	Solenostoma	subellipticum	dtol								DTOL
Southbyaceae	Gongylanthus	ericetorum	dtol_family_representative							DTOL	DTOL
Southbyaceae	Southbya	nigrella	dtol								DTOL
Southbyaceae	Southbya	tophacea	dtol								DTOL
Sphaerocarpaceae	Sphaerocarpos	europaeus	dtol_family_representative							DTOL	DTOL
Sphaerocarpaceae	Sphaerocarpos	michelii	dtol_other_priority						DTOL		DTOL
Targioniaceae	Targionia	hypophylla	dtol_family_representative							DTOL	DTOL
Trichocoleaceae	Trichocolea	tomentella	dtol_family_representative							DTOL	DTOL
Amblystegiaceae	Amblystegium	serpens	dtol								DTOL
Amblystegiaceae	Campyliadelphus	chrysophyllus	dtol								DTOL
Amblystegiaceae	Campyliadelphus	elodes	dtol								DTOL
Amblystegiaceae	Campylium	bambergeri	dtol								DTOL
Amblystegiaceae	Campylium	protensum	dtol								DTOL
Amblystegiaceae	Campylium	stellatum	dtol	yes				DTOL			DTOL
Amblystegiaceae	Campylophyllopsis	calcarea	dtol								DTOL
Amblystegiaceae	Campylophyllum	halleri	dtol								DTOL
Amblystegiaceae	Conardia	compacta	dtol								DTOL
Amblystegiaceae	Cratoneuron	curvicaule	dtol								DTOL
Amblystegiaceae	Cratoneuron	filicinum	dtol				yes	DTOL			DTOL
Amblystegiaceae	Drepanocladus	aduncus	dtol								DTOL
Amblystegiaceae	Drepanocladus	lycopodioides	dtol								DTOL
Amblystegiaceae	Drepanocladus	polygamus	dtol								DTOL
Amblystegiaceae	Drepanocladus	sendtneri	dtol								DTOL
Amblystegiaceae	Drepanocladus	trifarius	dtol								DTOL
Amblystegiaceae	Drepanocladus	turgescens	dtol								DTOL
Amblystegiaceae	Hygroamblystegium	fluviatile	dtol								DTOL
Amblystegiaceae	Hygroamblystegium	humile	dtol								DTOL
Amblystegiaceae	Hygroamblystegium	tenax	dtol								DTOL
Amblystegiaceae	Hygroamblystegium	varium	dtol								DTOL
Amblystegiaceae	Hygrohypnum	luridum	dtol								DTOL
Amblystegiaceae	Hygrohypnum	styriacum	dtol								DTOL
Amblystegiaceae	Leptodictyum	riparium	dtol								DTOL
Amblystegiaceae	Microhypnum	sauteri	dtol								DTOL
Amblystegiaceae	Palustriella	commutata	dtol_family_representative	yes				DTOL		DTOL	DTOL
Amblystegiaceae	Palustriella	decipiens	dtol								DTOL
Amblystegiaceae	Palustriella	falcata	dtol_other_priority	yes				DTOL	DTOL		DTOL
Amblystegiaceae	Platyhypnum	duriusculum	dtol				yes	DTOL			DTOL
Amblystegiaceae	Platyhypnum	molle	dtol								DTOL
Amblystegiaceae	Platyhypnum	smithii	dtol								DTOL
Amblystegiaceae	Pseudocampylium	radicale	dtol								DTOL
Amblystegiaceae	Serpoleskea	confervoides	dtol								DTOL
Amblystegiaceae	Tomentypnum	nitens	dtol								DTOL
Amphidiaceae	Amphidium	lapponicum	dtol_other_priority			yes		DTOL	DTOL		DTOL
Amphidiaceae	Amphidium	mougeotii	dtol_family_representative	yes				DTOL		DTOL	DTOL
Andreaeaceae	Andreaea	alpestris	dtol								DTOL
Andreaeaceae	Andreaea	blyttii	dtol								DTOL
Andreaeaceae	Andreaea	frigida	dtol								DTOL
Andreaeaceae	Andreaea	hookeri	dtol_family_representative			yes		DTOL		DTOL	DTOL
Andreaeaceae	Andreaea	megistospora	dtol								DTOL
Andreaeaceae	Andreaea	mutabilis	dtol				yes	DTOL			DTOL
Andreaeaceae	Andreaea	nivalis	dtol_other_priority			yes		DTOL	DTOL		DTOL
Andreaeaceae	Andreaea	rothii	dtol			yes		DTOL			DTOL
Andreaeaceae	Andreaea	rupestris	dtol								DTOL
Andreaeaceae	Andreaea	sinuosa	dtol								DTOL
Anomodontaceae	Anomodon	longifolius	dtol_other_priority						DTOL		DTOL
Anomodontaceae	Anomodon	viticulosus	dtol_family_representative	yes				DTOL		DTOL	DTOL
Antitrichiaceae	Antitrichia	curtipendula	dtol_family_representative			yes		DTOL		DTOL	DTOL
Aongstroemiaceae	Aongstroemia	longipes	dtol								DTOL
Aongstroemiaceae	Dichodontium	flavescens	dtol			yes		DTOL			DTOL
Aongstroemiaceae	Dichodontium	palustre	dtol_family_representative	yes				DTOL		DTOL	DTOL
Aongstroemiaceae	Dichodontium	pellucidum	dtol_other_priority						DTOL		DTOL
Archidiaceae	Archidium	alternifolium	dtol_family_representative				yes	DTOL		DTOL	DTOL
Aulacomniaceae	Aulacomnium	androgynum	dtol								DTOL
Aulacomniaceae	Aulacomnium	palustre	dtol_family_representative	yes				DTOL		DTOL	DTOL
Aulacomniaceae	Aulacomnium	turgidum	dtol_other_priority				yes	DTOL	DTOL		DTOL
Bartramiaceae	Bartramia	aprica	dtol								DTOL
Bartramiaceae	Bartramia	halleriana	dtol								DTOL
Bartramiaceae	Bartramia	ithyphylla	dtol								DTOL
Bartramiaceae	Bartramia	pomiformis	dtol			yes		DTOL			DTOL
Bartramiaceae	Breutelia	chrysocoma	dtol_family_representative	yes				DTOL		DTOL	DTOL
Bartramiaceae	Conostomum	tetragonum	dtol								DTOL
Bartramiaceae	Philonotis	caespitosa	dtol								DTOL
Bartramiaceae	Philonotis	calcarea	dtol								DTOL
Bartramiaceae	Philonotis	capillaris	dtol								DTOL
Bartramiaceae	Philonotis	cernua	dtol								DTOL
Bartramiaceae	Philonotis	fontana	dtol_other_priority	yes				DTOL	DTOL		DTOL
Bartramiaceae	Philonotis	marchica	dtol								DTOL
Bartramiaceae	Philonotis	rigida	dtol								DTOL
Bartramiaceae	Philonotis	seriata	dtol								DTOL
Bartramiaceae	Philonotis	tomentella	dtol								DTOL
Bartramiaceae	Plagiopus	oederianus	dtol			yes		DTOL			DTOL
Brachytheciaceae	Brachytheciastrum	trachypodium	dtol								DTOL
Brachytheciaceae	Brachytheciastrum	velutinum	dtol								DTOL
Brachytheciaceae	Brachythecium	albicans	dtol								DTOL
Brachytheciaceae	Brachythecium	cirrosum	dtol								DTOL
Brachytheciaceae	Brachythecium	erythrorrhizon	dtol								DTOL
Brachytheciaceae	Brachythecium	glareosum	dtol								DTOL
Brachytheciaceae	Brachythecium	mildeanum	dtol								DTOL
Brachytheciaceae	Brachythecium	rivulare	dtol								DTOL
Brachytheciaceae	Brachythecium	rutabulum	dtol			yes		DTOL			DTOL
Brachytheciaceae	Brachythecium	salebrosum	dtol								DTOL
Brachytheciaceae	Cirriphyllum	crassinervium	dtol								DTOL
Brachytheciaceae	Cirriphyllum	piliferum	dtol								DTOL
Brachytheciaceae	Eurhynchiastrum	diversifolium	dtol								DTOL
Brachytheciaceae	Eurhynchium	striatum	dtol			yes		DTOL			DTOL
Brachytheciaceae	Homalothecium	lutescens	dtol								DTOL
Brachytheciaceae	Homalothecium	sericeum	dtol_other_priority	yes				DTOL	DTOL		DTOL
Brachytheciaceae	Kindbergia	praelonga	dtol_family_representative	yes				DTOL		DTOL	DTOL
Brachytheciaceae	Microeurhynchium	pumilum	dtol								DTOL
Brachytheciaceae	Oxyrrhynchium	hians	dtol								DTOL
Brachytheciaceae	Oxyrrhynchium	schleicheri	dtol								DTOL
Brachytheciaceae	Oxyrrhynchium	speciosum	dtol								DTOL
Brachytheciaceae	Plasteurhynchium	meridionale	dtol								DTOL
Brachytheciaceae	Plasteurhynchium	striatulum	dtol								DTOL
Brachytheciaceae	Pseudoscleropodium	purum	dtol			yes		DTOL			DTOL
Brachytheciaceae	Rhynchostegiella	curviseta	dtol								DTOL
Brachytheciaceae	Rhynchostegiella	litorea	dtol								DTOL
Brachytheciaceae	Rhynchostegiella	tenella	dtol				yes	DTOL			DTOL
Brachytheciaceae	Rhynchostegiella	teneriffae	dtol								DTOL
Brachytheciaceae	Rhynchostegium	alopecuroides	dtol								DTOL
Brachytheciaceae	Rhynchostegium	confertum	dtol								DTOL
Brachytheciaceae	Rhynchostegium	megapolitanum	dtol								DTOL
Brachytheciaceae	Rhynchostegium	murale	dtol								DTOL
Brachytheciaceae	Rhynchostegium	riparioides	dtol			yes		DTOL			DTOL
Brachytheciaceae	Rhynchostegium	rotundifolium	dtol								DTOL
Brachytheciaceae	Sciuro-hypnum	glaciale	dtol			yes		DTOL			DTOL
Brachytheciaceae	Sciuro-hypnum	plumosum	dtol			yes		DTOL			DTOL
Brachytheciaceae	Sciuro-hypnum	populeum	dtol				yes	DTOL			DTOL
Brachytheciaceae	Sciuro-hypnum	reflexum	dtol								DTOL
Brachytheciaceae	Sciuro-hypnum	starkei	dtol								DTOL
Brachytheciaceae	Scleropodium	cespitans	dtol								DTOL
Brachytheciaceae	Scleropodium	touretii	dtol								DTOL
Brachytheciaceae	Scorpiurium	circinatum	dtol								DTOL
Bruchiaceae	Bruchia	vogesiaca	dtol_family_representative							DTOL	DTOL
Bruchiaceae	Trematodon	ambiguus	dtol								DTOL
Bryaceae	Bryum	algovicum	dtol								DTOL
Bryaceae	Bryum	alpinum	dtol_family_representative	yes				DTOL		DTOL	DTOL
Bryaceae	Bryum	apiculatum	dtol								DTOL
Bryaceae	Bryum	archangelicum	dtol								DTOL
Bryaceae	Bryum	arcticum	dtol								DTOL
Bryaceae	Bryum	argenteum	dtol								DTOL
Bryaceae	Bryum	bornholmense	dtol								DTOL
Bryaceae	Bryum	caespiticium	dtol								DTOL
Bryaceae	Bryum	calophyllum	dtol								DTOL
Bryaceae	Bryum	canariense	dtol								DTOL
Bryaceae	Bryum	capillare	dtol			yes		DTOL			DTOL
Bryaceae	Bryum	concinnatum	dtol								DTOL
Bryaceae	Bryum	creberrimum	dtol								DTOL
Bryaceae	Bryum	cyclophyllum	dtol								DTOL
Bryaceae	Bryum	demissum	dtol								DTOL
Bryaceae	Bryum	dichotomum	dtol								DTOL
Bryaceae	Bryum	dixonii	dtol								DTOL
Bryaceae	Bryum	donianum	dtol								DTOL
Bryaceae	Bryum	dyffrynense	dtol								DTOL
Bryaceae	Bryum	elegans	dtol								DTOL
Bryaceae	Bryum	gemmiferum	dtol								DTOL
Bryaceae	Bryum	gemmilucens	dtol								DTOL
Bryaceae	Bryum	gemmiparum	dtol								DTOL
Bryaceae	Bryum	intermedium	dtol								DTOL
Bryaceae	Bryum	julaceum	dtol_other_priority			yes		DTOL	DTOL		DTOL
Bryaceae	Bryum	klinggraeffii	dtol								DTOL
Bryaceae	Bryum	knowltonii	dtol								DTOL
Bryaceae	Bryum	kunzei	dtol								DTOL
Bryaceae	Bryum	marratii	dtol								DTOL
Bryaceae	Bryum	mildeanum	dtol								DTOL
Bryaceae	Bryum	moravicum	dtol				yes	DTOL			DTOL
Bryaceae	Bryum	muehlenbeckii	dtol								DTOL
Bryaceae	Bryum	pallens	dtol			yes		DTOL			DTOL
Bryaceae	Bryum	pallescens	dtol								DTOL
Bryaceae	Bryum	pseudotriquetrum	dtol			yes		DTOL			DTOL
Bryaceae	Bryum	radiculosum	dtol								DTOL
Bryaceae	Bryum	riparium	dtol								DTOL
Bryaceae	Bryum	rubens	dtol								DTOL
Bryaceae	Bryum	ruderale	dtol								DTOL
Bryaceae	Bryum	salinum	dtol								DTOL
Bryaceae	Bryum	sauteri	dtol								DTOL
Bryaceae	Bryum	schleicheri	dtol								DTOL
Bryaceae	Bryum	subapiculatum	dtol								DTOL
Bryaceae	Bryum	tenuisetum	dtol								DTOL
Bryaceae	Bryum	torquescens	dtol								DTOL
Bryaceae	Bryum	turbinatum	dtol								DTOL
Bryaceae	Bryum	uliginosum	dtol								DTOL
Bryaceae	Bryum	valparaisense	dtol								DTOL
Bryaceae	Bryum	violaceum	dtol								DTOL
Bryaceae	Bryum	warneum	dtol								DTOL
Bryaceae	Bryum	weigelii	dtol			yes		DTOL			DTOL
Bryaceae	Bryum	zieri	dtol								DTOL
Bryaceae	Rhodobryum	roseum	dtol								DTOL
Buxbaumiaceae	Buxbaumia	aphylla	dtol_family_representative							DTOL	DTOL
Buxbaumiaceae	Buxbaumia	viridis	dtol_other_priority						DTOL		DTOL
Calliergonaceae	Calliergon	cordifolium	dtol				yes	DTOL			DTOL
Calliergonaceae	Calliergon	giganteum	dtol								DTOL
Calliergonaceae	Sarmentypnum	exannulatum	dtol_family_representative	yes				DTOL		DTOL	DTOL
Calliergonaceae	Sarmentypnum	sarmentosum	dtol_other_priority			yes		DTOL	DTOL		DTOL
Calliergonaceae	Straminergon	stramineum	dtol			yes		DTOL			DTOL
Calliergonaceae	Warnstorfia	fluitans	dtol								DTOL
Catoscopiaceae	Catoscopium	nigritum	dtol_family_representative							DTOL	DTOL
Climaciaceae	Climacium	dendroides	dtol_family_representative			yes		DTOL		DTOL	DTOL
Cryphaeaceae	Cryphaea	heteromalla	dtol_family_representative				yes	DTOL		DTOL	DTOL
Cryphaeaceae	Dendrocryphaea	lamyana	dtol								DTOL
Daltoniaceae	Achrophyllum	dentatum	dtol								DTOL
Daltoniaceae	Calyptrochaeta	apiculata	dtol								DTOL
Daltoniaceae	Daltonia	splachnoides	dtol_family_representative				yes	DTOL		DTOL	DTOL
Dicranaceae	Dicranoloma	menziesii	dtol								DTOL
Dicranaceae	Dicranum	bonjeanii	dtol								DTOL
Dicranaceae	Dicranum	elongatum	dtol								DTOL
Dicranaceae	Dicranum	flagellare	dtol								DTOL
Dicranaceae	Dicranum	flexicaule	dtol			yes		DTOL			DTOL
Dicranaceae	Dicranum	fuscescens	dtol				yes	DTOL			DTOL
Dicranaceae	Dicranum	leioneuron	dtol								DTOL
Dicranaceae	Dicranum	majus	dtol_other_priority			yes		DTOL	DTOL		DTOL
Dicranaceae	Dicranum	montanum	dtol								DTOL
Dicranaceae	Dicranum	polysetum	dtol								DTOL
Dicranaceae	Dicranum	scoparium	dtol_family_representative	yes				DTOL		DTOL	DTOL
Dicranaceae	Dicranum	scottianum	dtol				yes	DTOL			DTOL
Dicranaceae	Dicranum	spadiceum	dtol								DTOL
Dicranaceae	Dicranum	spurium	dtol								DTOL
Dicranaceae	Dicranum	tauricum	dtol				yes	DTOL			DTOL
Dicranaceae	Dicranum	undulatum	dtol								DTOL
Dicranaceae	Paraleucobryum	longifolium	dtol								DTOL
Dicranellaceae	Dicranella	cerviculata	dtol								DTOL
Dicranellaceae	Dicranella	crispa	dtol								DTOL
Dicranellaceae	Dicranella	grevilleana	dtol								DTOL
Dicranellaceae	Dicranella	heteromalla	dtol_family_representative	yes				DTOL		DTOL	DTOL
Dicranellaceae	Dicranella	howei	dtol								DTOL
Dicranellaceae	Dicranella	rufescens	dtol								DTOL
Dicranellaceae	Dicranella	schreberiana	dtol								DTOL
Dicranellaceae	Dicranella	staphylina	dtol								DTOL
Dicranellaceae	Dicranella	subulata	dtol_other_priority						DTOL		DTOL
Dicranellaceae	Dicranella	varia	dtol								DTOL
Diphysciaceae	Diphyscium	foliosum	dtol_family_representative							DTOL	DTOL
Disceliaceae	Discelium	nudum	dtol_family_representative							DTOL	DTOL
Distichiaceae	Distichium	capillaceum	dtol_family_representative			yes		DTOL		DTOL	DTOL
Distichiaceae	Distichium	inclinatum	dtol								DTOL
Ditrichaceae	Ceratodon	conicus	dtol								DTOL
Ditrichaceae	Ceratodon	purpureus	dtol			yes		DTOL			DTOL
Ditrichaceae	Cheilothela	chloropus	dtol								DTOL
Ditrichaceae	Ditrichum	cornubicum	dtol								DTOL
Ditrichaceae	Ditrichum	heteromallum	dtol_family_representative							DTOL	DTOL
Ditrichaceae	Ditrichum	lineare	dtol								DTOL
Ditrichaceae	Ditrichum	pallidum	dtol								DTOL
Ditrichaceae	Ditrichum	plumbicola	dtol								DTOL
Ditrichaceae	Ditrichum	pusillum	dtol								DTOL
Ditrichaceae	Ditrichum	subulatum	dtol								DTOL
Ditrichaceae	Ditrichum	zonatum	dtol								DTOL
Ditrichaceae	Pleuridium	acuminatum	dtol								DTOL
Ditrichaceae	Pleuridium	subulatum	dtol				yes	DTOL			DTOL
Ditrichaceae	Pseudephemerum	nitidum	dtol								DTOL
Ditrichaceae	Trichodon	cylindricus	dtol_other_priority			yes		DTOL	DTOL		DTOL
Encalyptaceae	Encalypta	alpina	dtol								DTOL
Encalyptaceae	Encalypta	brevicolla	dtol								DTOL
Encalyptaceae	Encalypta	ciliata	dtol_other_priority			yes		DTOL	DTOL		DTOL
Encalyptaceae	Encalypta	pilifera	dtol								DTOL
Encalyptaceae	Encalypta	rhaptocarpa	dtol								DTOL
Encalyptaceae	Encalypta	streptocarpa	dtol_family_representative	yes				DTOL		DTOL	DTOL
Encalyptaceae	Encalypta	vulgaris	dtol								DTOL
Entodontaceae	Entodon	concinnus	dtol_family_representative			yes		DTOL		DTOL	DTOL
Fissidentaceae	Fissidens	adianthoides	dtol_family_representative			yes		DTOL		DTOL	DTOL
Fissidentaceae	Fissidens	bryoides	dtol			yes		DTOL			DTOL
Fissidentaceae	Fissidens	celticus	dtol								DTOL
Fissidentaceae	Fissidens	crassipes	dtol								DTOL
Fissidentaceae	Fissidens	crispus	dtol								DTOL
Fissidentaceae	Fissidens	curvatus	dtol								DTOL
Fissidentaceae	Fissidens	dubius	dtol				yes	DTOL			DTOL
Fissidentaceae	Fissidens	exilis	dtol								DTOL
Fissidentaceae	Fissidens	fontanus	dtol								DTOL
Fissidentaceae	Fissidens	gracilifolius	dtol								DTOL
Fissidentaceae	Fissidens	incurvus	dtol								DTOL
Fissidentaceae	Fissidens	monguillonii	dtol								DTOL
Fissidentaceae	Fissidens	osmundoides	dtol_other_priority	yes				DTOL	DTOL		DTOL
Fissidentaceae	Fissidens	polyphyllus	dtol								DTOL
Fissidentaceae	Fissidens	pusillus	dtol								DTOL
Fissidentaceae	Fissidens	rivularis	dtol								DTOL
Fissidentaceae	Fissidens	rufulus	dtol								DTOL
Fissidentaceae	Fissidens	serrulatus	dtol								DTOL
Fissidentaceae	Fissidens	taxifolius	dtol			yes		DTOL			DTOL
Fissidentaceae	Fissidens	viridulus	dtol								DTOL
Flexitrichaceae	Flexitrichum	flexicaule	dtol_other_priority						DTOL		DTOL
Flexitrichaceae	Flexitrichum	gracile	dtol_family_representative			yes		DTOL		DTOL	DTOL
Fontinalaceae	Fontinalis	antipyretica	dtol_family_representative	yes				DTOL		DTOL	DTOL
Fontinalaceae	Fontinalis	squamosa	dtol_other_priority			yes		DTOL	DTOL		DTOL
Funariaceae	Entosthodon	attenuatus	dtol								DTOL
Funariaceae	Entosthodon	fascicularis	dtol								DTOL
Funariaceae	Entosthodon	mouretii	dtol								DTOL
Funariaceae	Entosthodon	muhlenbergii	dtol								DTOL
Funariaceae	Entosthodon	obtusus	dtol								DTOL
Funariaceae	Entosthodon	pulchellus	dtol								DTOL
Funariaceae	Funaria	hygrometrica	dtol_family_representative			yes		DTOL		DTOL	DTOL
Funariaceae	Physcomitrium	eurystomum	dtol								DTOL
Funariaceae	Physcomitrium	patens	dtol								DTOL
Funariaceae	Physcomitrium	pyriforme	dtol_other_priority						DTOL		DTOL
Funariaceae	Physcomitrium	readeri	dtol								DTOL
Funariaceae	Physcomitrium	sphaericum	dtol								DTOL
Grimmiaceae	Coscinodon	cribrosus	dtol								DTOL
Grimmiaceae	Grimmia	alpestris	dtol								DTOL
Grimmiaceae	Grimmia	anodon	dtol								DTOL
Grimmiaceae	Grimmia	anomala	dtol								DTOL
Grimmiaceae	Grimmia	arenaria	dtol								DTOL
Grimmiaceae	Grimmia	atrata	dtol				yes	DTOL			DTOL
Grimmiaceae	Grimmia	crinita	dtol								DTOL
Grimmiaceae	Grimmia	decipiens	dtol				yes	DTOL			DTOL
Grimmiaceae	Grimmia	dissimulata	dtol								DTOL
Grimmiaceae	Grimmia	donniana	dtol				yes	DTOL			DTOL
Grimmiaceae	Grimmia	elatior	dtol								DTOL
Grimmiaceae	Grimmia	elongata	dtol				yes	DTOL			DTOL
Grimmiaceae	Grimmia	funalis	dtol			yes		DTOL			DTOL
Grimmiaceae	Grimmia	hartmanii	dtol								DTOL
Grimmiaceae	Grimmia	incurva	dtol								DTOL
Grimmiaceae	Grimmia	laevigata	dtol								DTOL
Grimmiaceae	Grimmia	lisae	dtol								DTOL
Grimmiaceae	Grimmia	longirostris	dtol								DTOL
Grimmiaceae	Grimmia	montana	dtol				yes	DTOL			DTOL
Grimmiaceae	Grimmia	muehlenbeckii	dtol								DTOL
Grimmiaceae	Grimmia	orbicularis	dtol								DTOL
Grimmiaceae	Grimmia	ovalis	dtol								DTOL
Grimmiaceae	Grimmia	pulvinata	dtol			yes		DTOL			DTOL
Grimmiaceae	Grimmia	ramondii	dtol_other_priority	yes				DTOL	DTOL		DTOL
Grimmiaceae	Grimmia	reflexidens	dtol								DTOL
Grimmiaceae	Grimmia	tergestina	dtol								DTOL
Grimmiaceae	Grimmia	torquata	dtol								DTOL
Grimmiaceae	Grimmia	trichophylla	dtol				yes	DTOL			DTOL
Grimmiaceae	Grimmia	unicolor	dtol								DTOL
Grimmiaceae	Racomitrium	aciculare	dtol				yes	DTOL			DTOL
Grimmiaceae	Racomitrium	affine	dtol								DTOL
Grimmiaceae	Racomitrium	aquaticum	dtol				yes	DTOL			DTOL
Grimmiaceae	Racomitrium	canescens	dtol								DTOL
Grimmiaceae	Racomitrium	ellipticum	dtol								DTOL
Grimmiaceae	Racomitrium	elongatum	dtol								DTOL
Grimmiaceae	Racomitrium	ericoides	dtol				yes	DTOL			DTOL
Grimmiaceae	Racomitrium	fasciculare	dtol				yes	DTOL			DTOL
Grimmiaceae	Racomitrium	heterostichum	dtol				yes	DTOL			DTOL
Grimmiaceae	Racomitrium	himalayanum	dtol								DTOL
Grimmiaceae	Racomitrium	lanuginosum	dtol_family_representative	yes				DTOL		DTOL	DTOL
Grimmiaceae	Racomitrium	macounii	dtol								DTOL
Grimmiaceae	Racomitrium	obtusum	dtol								DTOL
Grimmiaceae	Racomitrium	sudeticum	dtol								DTOL
Grimmiaceae	Schistidium	agassizii	dtol								DTOL
Grimmiaceae	Schistidium	apocarpum	dtol								DTOL
Grimmiaceae	Schistidium	atrofuscum	dtol								DTOL
Grimmiaceae	Schistidium	confertum	dtol								DTOL
Grimmiaceae	Schistidium	crassipilum	dtol			yes		DTOL			DTOL
Grimmiaceae	Schistidium	dupretii	dtol								DTOL
Grimmiaceae	Schistidium	elegantulum	dtol								DTOL
Grimmiaceae	Schistidium	flaccidum	dtol								DTOL
Grimmiaceae	Schistidium	flexipile	dtol								DTOL
Grimmiaceae	Schistidium	frigidum	dtol								DTOL
Grimmiaceae	Schistidium	helveticum	dtol								DTOL
Grimmiaceae	Schistidium	maritimum	dtol								DTOL
Grimmiaceae	Schistidium	papillosum	dtol								DTOL
Grimmiaceae	Schistidium	platyphyllum	dtol								DTOL
Grimmiaceae	Schistidium	pruinosum	dtol								DTOL
Grimmiaceae	Schistidium	rivulare	dtol								DTOL
Grimmiaceae	Schistidium	robustum	dtol								DTOL
Grimmiaceae	Schistidium	strictum	dtol	yes				DTOL			DTOL
Grimmiaceae	Schistidium	trichodon	dtol								DTOL
Habrodontaceae	Habrodon	perpusillus	dtol_family_representative							DTOL	DTOL
Hedwigiaceae	Braunia	imberbis	dtol				yes	DTOL			DTOL
Hedwigiaceae	Hedwigia	ciliata	dtol_family_representative							DTOL	DTOL
Hedwigiaceae	Hedwigia	stellata	dtol_other_priority			yes		DTOL	DTOL		DTOL
Hedwigiaceae	Hedwigia	striata	dtol								DTOL
Heterocladiellaceae	Heterocladiella	dimorpha	dtol_family_representative							DTOL	DTOL
Hookeriaceae	Hookeria	lucens	dtol_family_representative			yes		DTOL		DTOL	DTOL
Hylocomiaceae	Hageniella	micans	dtol								DTOL
Hylocomiaceae	Hylocomiadelphus	triquetrus	dtol_family_representative	yes				DTOL		DTOL	DTOL
Hylocomiaceae	Hylocomiastrum	pyrenaicum	dtol								DTOL
Hylocomiaceae	Hylocomiastrum	umbratum	dtol				yes	DTOL			DTOL
Hylocomiaceae	Hylocomium	splendens	dtol	yes				DTOL			DTOL
Hylocomiaceae	Loeskeobryum	brevirostre	dtol				yes	DTOL			DTOL
Hylocomiaceae	Pleurozium	schreberi	dtol	yes				DTOL			DTOL
Hylocomiaceae	Rhytidiadelphus	loreus	dtol	yes				DTOL			DTOL
Hylocomiaceae	Rhytidiadelphus	squarrosus	dtol_other_priority	yes				DTOL	DTOL		DTOL
Hylocomiaceae	Rhytidiadelphus	subpinnatus	dtol								DTOL
Hymenolomataceae	Hymenoloma	crispulum	dtol			yes		DTOL			DTOL
Hypnaceae	Hypnum	andoi	dtol_other_priority	yes				DTOL	DTOL		DTOL
Hypnaceae	Hypnum	cupressiforme	dtol_family_representative	yes				DTOL		DTOL	DTOL
Hypnaceae	Hypnum	imponens	dtol								DTOL
Hypnaceae	Hypnum	jutlandicum	dtol				yes	DTOL			DTOL
Hypnaceae	Hypnum	uncinulatum	dtol								DTOL
Lembophyllaceae	Heterocladium	flaccidum	dtol								DTOL
Lembophyllaceae	Heterocladium	heteropterum	dtol			yes		DTOL			DTOL
Lembophyllaceae	Heterocladium	wulfsbergii	dtol								DTOL
Lembophyllaceae	Isothecium	alopecuroides	dtol_family_representative	yes				DTOL		DTOL	DTOL
Lembophyllaceae	Isothecium	holtii	dtol								DTOL
Lembophyllaceae	Isothecium	interludens	dtol								DTOL
Lembophyllaceae	Isothecium	myosuroides	dtol_other_priority	yes				DTOL	DTOL		DTOL
Leskeaceae	Leskea	polycarpa	dtol_family_representative							DTOL	DTOL
Leucobryaceae	Campylopus	atrovirens	dtol_other_priority	yes				DTOL	DTOL		DTOL
Leucobryaceae	Campylopus	brevipilus	dtol								DTOL
Leucobryaceae	Campylopus	flexuosus	dtol			yes		DTOL			DTOL
Leucobryaceae	Campylopus	fragilis	dtol								DTOL
Leucobryaceae	Campylopus	gracilis	dtol								DTOL
Leucobryaceae	Campylopus	introflexus	dtol								DTOL
Leucobryaceae	Campylopus	pilifer	dtol								DTOL
Leucobryaceae	Campylopus	pyriformis	dtol								DTOL
Leucobryaceae	Campylopus	schimperi	dtol								DTOL
Leucobryaceae	Campylopus	setifolius	dtol								DTOL
Leucobryaceae	Campylopus	shawii	dtol								DTOL
Leucobryaceae	Campylopus	subulatus	dtol								DTOL
Leucobryaceae	Dicranodontium	asperulum	dtol								DTOL
Leucobryaceae	Dicranodontium	denudatum	dtol				yes	DTOL			DTOL
Leucobryaceae	Dicranodontium	subporodictyon	dtol				yes	DTOL			DTOL
Leucobryaceae	Dicranodontium	uncinatum	dtol								DTOL
Leucobryaceae	Leucobryum	glaucum	dtol_family_representative			yes		DTOL		DTOL	DTOL
Leucobryaceae	Leucobryum	juniperoideum	dtol				yes	DTOL			DTOL
Leucodontaceae	Leucodon	sciuroides	dtol_family_representative			yes		DTOL		DTOL	DTOL
Leucodontaceae	Nogopterium	gracile	dtol_other_priority				yes	DTOL	DTOL		DTOL
Meesiaceae	Amblyodon	dealbatus	dtol								DTOL
Meesiaceae	Leptobryum	pyriforme	dtol_other_priority						DTOL		DTOL
Meesiaceae	Meesia	triquetra	dtol								DTOL
Meesiaceae	Meesia	uliginosa	dtol_family_representative			yes		DTOL		DTOL	DTOL
Meesiaceae	Paludella	squarrosa	dtol								DTOL
Micromitriaceae	Micromitrium	tenerum	dtol_family_representative							DTOL	DTOL
Mniaceae	Cinclidium	stygium	dtol								DTOL
Mniaceae	Epipterygium	tozeri	dtol								DTOL
Mniaceae	Mielichhoferia	elongata	dtol								DTOL
Mniaceae	Mielichhoferia	mielichhoferiana	dtol								DTOL
Mniaceae	Mnium	hornum	dtol_family_representative	yes				DTOL		DTOL	DTOL
Mniaceae	Mnium	lycopodioides	dtol								DTOL
Mniaceae	Mnium	marginatum	dtol								DTOL
Mniaceae	Mnium	spinosum	dtol								DTOL
Mniaceae	Mnium	stellare	dtol			yes		DTOL			DTOL
Mniaceae	Mnium	thomsonii	dtol								DTOL
Mniaceae	Plagiomnium	affine	dtol								DTOL
Mniaceae	Plagiomnium	cuspidatum	dtol								DTOL
Mniaceae	Plagiomnium	elatum	dtol								DTOL
Mniaceae	Plagiomnium	ellipticum	dtol				yes	DTOL			DTOL
Mniaceae	Plagiomnium	medium	dtol								DTOL
Mniaceae	Plagiomnium	rostratum	dtol								DTOL
Mniaceae	Plagiomnium	undulatum	dtol_other_priority	yes				DTOL	DTOL		DTOL
Mniaceae	Pohlia	andalusica	dtol								DTOL
Mniaceae	Pohlia	annotina	dtol				yes	DTOL			DTOL
Mniaceae	Pohlia	bulbifera	dtol								DTOL
Mniaceae	Pohlia	camptotrachela	dtol								DTOL
Mniaceae	Pohlia	cruda	dtol								DTOL
Mniaceae	Pohlia	crudoides	dtol								DTOL
Mniaceae	Pohlia	drummondii	dtol								DTOL
Mniaceae	Pohlia	elongata	dtol								DTOL
Mniaceae	Pohlia	filum	dtol								DTOL
Mniaceae	Pohlia	flexuosa	dtol								DTOL
Mniaceae	Pohlia	lescuriana	dtol								DTOL
Mniaceae	Pohlia	ludwigii	dtol								DTOL
Mniaceae	Pohlia	lutescens	dtol								DTOL
Mniaceae	Pohlia	melanodon	dtol								DTOL
Mniaceae	Pohlia	nutans	dtol								DTOL
Mniaceae	Pohlia	obtusifolia	dtol								DTOL
Mniaceae	Pohlia	proligera	dtol								DTOL
Mniaceae	Pohlia	scotica	dtol								DTOL
Mniaceae	Pohlia	wahlenbergii	dtol				yes	DTOL			DTOL
Mniaceae	Pseudobryum	cinclidioides	dtol			yes		DTOL			DTOL
Mniaceae	Rhizomnium	magnifolium	dtol								DTOL
Mniaceae	Rhizomnium	pseudopunctatum	dtol								DTOL
Mniaceae	Rhizomnium	punctatum	dtol			yes		DTOL			DTOL
Myriniaceae	Myrinia	pulvinata	dtol_family_representative							DTOL	DTOL
Myuriaceae	Ctenidium	molluscum	dtol_family_representative	yes				DTOL		DTOL	DTOL
Myuriaceae	Hyocomium	armoricum	dtol_other_priority				yes	DTOL	DTOL		DTOL
Myuriaceae	Myurium	hochstetteri	dtol								DTOL
Neckeraceae	Homalia	trichomanoides	dtol								DTOL
Neckeraceae	Neckera	complanata	dtol				yes	DTOL			DTOL
Neckeraceae	Neckera	crispa	dtol	yes				DTOL			DTOL
Neckeraceae	Neckera	pennata	dtol								DTOL
Neckeraceae	Neckera	pumila	dtol_family_representative	yes				DTOL		DTOL	DTOL
Neckeraceae	Neckera	smithii	dtol								DTOL
Neckeraceae	Pseudanomodon	attenuatus	dtol								DTOL
Neckeraceae	Thamnobryum	alopecurum	dtol_other_priority	yes				DTOL	DTOL		DTOL
Neckeraceae	Thamnobryum	angustifolium	dtol								DTOL
Neckeraceae	Thamnobryum	cataractarum	dtol								DTOL
Neckeraceae	Thamnobryum	maderense	dtol								DTOL
Oedipodiaceae	Oedipodium	griffithianum	dtol_family_representative							DTOL	DTOL
Orthodontiaceae	Leptotheca	gaudichaudii	dtol								DTOL
Orthodontiaceae	Orthodontium	gracile	dtol								DTOL
Orthodontiaceae	Orthodontium	lineare	dtol_family_representative			yes		DTOL		DTOL	DTOL
Orthotrichaceae	Codonoblepharon	forsteri	dtol								DTOL
Orthotrichaceae	Lewinskya	acuminata	dtol								DTOL
Orthotrichaceae	Lewinskya	affinis	dtol				yes	DTOL			DTOL
Orthotrichaceae	Lewinskya	rupestris	dtol			yes		DTOL			DTOL
Orthotrichaceae	Lewinskya	shawii	dtol								DTOL
Orthotrichaceae	Lewinskya	speciosa	dtol								DTOL
Orthotrichaceae	Lewinskya	striata	dtol				yes	DTOL			DTOL
Orthotrichaceae	Nyholmiella	gymnostoma	dtol								DTOL
Orthotrichaceae	Nyholmiella	obtusifolia	dtol								DTOL
Orthotrichaceae	Orthotrichum	alpestre	dtol								DTOL
Orthotrichaceae	Orthotrichum	anomalum	dtol								DTOL
Orthotrichaceae	Orthotrichum	cambrense	dtol								DTOL
Orthotrichaceae	Orthotrichum	columbicum	dtol								DTOL
Orthotrichaceae	Orthotrichum	cupulatum	dtol								DTOL
Orthotrichaceae	Orthotrichum	diaphanum	dtol								DTOL
Orthotrichaceae	Orthotrichum	pallens	dtol								DTOL
Orthotrichaceae	Orthotrichum	patens	dtol								DTOL
Orthotrichaceae	Orthotrichum	pulchellum	dtol				yes	DTOL			DTOL
Orthotrichaceae	Orthotrichum	pumilum	dtol								DTOL
Orthotrichaceae	Orthotrichum	rivulare	dtol								DTOL
Orthotrichaceae	Orthotrichum	rogeri	dtol								DTOL
Orthotrichaceae	Orthotrichum	scanicum	dtol								DTOL
Orthotrichaceae	Orthotrichum	schimperi	dtol								DTOL
Orthotrichaceae	Orthotrichum	sprucei	dtol								DTOL
Orthotrichaceae	Orthotrichum	stramineum	dtol								DTOL
Orthotrichaceae	Orthotrichum	tenellum	dtol								DTOL
Orthotrichaceae	Plenogemma	phyllantha	dtol				yes	DTOL			DTOL
Orthotrichaceae	Pulvigera	lyellii	dtol_family_representative	yes				DTOL		DTOL	DTOL
Orthotrichaceae	Ulota	bruchii	dtol								DTOL
Orthotrichaceae	Ulota	calvescens	dtol								DTOL
Orthotrichaceae	Ulota	coarctata	dtol								DTOL
Orthotrichaceae	Ulota	crispa	dtol				yes	DTOL			DTOL
Orthotrichaceae	Ulota	crispula	dtol								DTOL
Orthotrichaceae	Ulota	drummondii	dtol								DTOL
Orthotrichaceae	Ulota	hutchinsiae	dtol								DTOL
Orthotrichaceae	Ulota	intermedia	dtol								DTOL
Orthotrichaceae	Zygodon	conoideus	dtol								DTOL
Orthotrichaceae	Zygodon	gracilis	dtol								DTOL
Orthotrichaceae	Zygodon	rupestris	dtol								DTOL
Orthotrichaceae	Zygodon	stirtonii	dtol								DTOL
Orthotrichaceae	Zygodon	viridissimus	dtol_other_priority	yes				DTOL	DTOL		DTOL
Pilotrichaceae	Cyclodictyon	laetevirens	dtol_family_representative							DTOL	DTOL
Plagiotheciaceae	Herzogiella	seligeri	dtol								DTOL
Plagiotheciaceae	Herzogiella	striatella	dtol								DTOL
Plagiotheciaceae	Isopterygiopsis	muelleriana	dtol								DTOL
Plagiotheciaceae	Isopterygiopsis	pulchella	dtol			yes		DTOL			DTOL
Plagiotheciaceae	Myurella	julacea	dtol								DTOL
Plagiotheciaceae	Myurella	tenerrima	dtol								DTOL
Plagiotheciaceae	Orthothecium	intricatum	dtol								DTOL
Plagiotheciaceae	Orthothecium	rufescens	dtol			yes		DTOL			DTOL
Plagiotheciaceae	Plagiothecium	cavifolium	dtol								DTOL
Plagiotheciaceae	Plagiothecium	curvifolium	dtol								DTOL
Plagiotheciaceae	Plagiothecium	denticulatum	dtol_other_priority	yes				DTOL	DTOL		DTOL
Plagiotheciaceae	Plagiothecium	laetum	dtol								DTOL
Plagiotheciaceae	Plagiothecium	latebricola	dtol								DTOL
Plagiotheciaceae	Plagiothecium	nemorale	dtol								DTOL
Plagiotheciaceae	Plagiothecium	piliferum	dtol								DTOL
Plagiotheciaceae	Plagiothecium	platyphyllum	dtol								DTOL
Plagiotheciaceae	Plagiothecium	succulentum	dtol								DTOL
Plagiotheciaceae	Plagiothecium	undulatum	dtol_family_representative	yes				DTOL		DTOL	DTOL
Plagiotheciaceae	Platydictya	jungermannioides	dtol								DTOL
Plagiotheciaceae	Pseudotaxiphyllum	elegans	dtol				yes	DTOL			DTOL
Polytrichaceae	Atrichum	angustatum	dtol								DTOL
Polytrichaceae	Atrichum	crispum	dtol								DTOL
Polytrichaceae	Atrichum	flavisetum	dtol								DTOL
Polytrichaceae	Atrichum	tenellum	dtol								DTOL
Polytrichaceae	Atrichum	undulatum	dtol	yes				DTOL			DTOL
Polytrichaceae	Oligotrichum	hercynicum	dtol			yes		DTOL			DTOL
Polytrichaceae	Pogonatum	aloides	dtol				yes	DTOL			DTOL
Polytrichaceae	Pogonatum	nanum	dtol								DTOL
Polytrichaceae	Pogonatum	urnigerum	dtol_other_priority	yes				DTOL	DTOL		DTOL
Polytrichaceae	Polytrichastrum	alpinum	dtol			yes		DTOL			DTOL
Polytrichaceae	Polytrichastrum	sexangulare	dtol			yes		DTOL			DTOL
Polytrichaceae	Polytrichum	commune	dtol_family_representative	yes				DTOL		DTOL	DTOL
Polytrichaceae	Polytrichum	formosum	dtol			yes		DTOL			DTOL
Polytrichaceae	Polytrichum	juniperinum	dtol				yes	DTOL			DTOL
Polytrichaceae	Polytrichum	longisetum	dtol								DTOL
Polytrichaceae	Polytrichum	perigoniale	dtol								DTOL
Polytrichaceae	Polytrichum	piliferum	dtol								DTOL
Polytrichaceae	Polytrichum	strictum	dtol				yes	DTOL			DTOL
Pottiaceae	Acaulon	mediterraneum	dtol								DTOL
Pottiaceae	Acaulon	muticum	dtol								DTOL
Pottiaceae	Acaulon	triquetrum	dtol								DTOL
Pottiaceae	Aloina	aloides	dtol								DTOL
Pottiaceae	Aloina	ambigua	dtol								DTOL
Pottiaceae	Aloina	brevirostris	dtol								DTOL
Pottiaceae	Aloina	rigida	dtol								DTOL
Pottiaceae	Anoectangium	aestivum	dtol			yes		DTOL			DTOL
Pottiaceae	Barbula	unguiculata	dtol								DTOL
Pottiaceae	Bryoerythrophyllum	caledonicum	dtol			yes		DTOL			DTOL
Pottiaceae	Bryoerythrophyllum	ferruginascens	dtol			yes		DTOL			DTOL
Pottiaceae	Bryoerythrophyllum	recurvirostrum	dtol								DTOL
Pottiaceae	Chenia	leptophylla	dtol								DTOL
Pottiaceae	Chionoloma	cylindrotheca	dtol								DTOL
Pottiaceae	Chionoloma	hibernicum	dtol								DTOL
Pottiaceae	Chionoloma	recurvifolium	dtol								DTOL
Pottiaceae	Chionoloma	tenuirostre	dtol			yes		DTOL			DTOL
Pottiaceae	Cinclidotus	fontinaloides	dtol								DTOL
Pottiaceae	Cinclidotus	riparius	dtol								DTOL
Pottiaceae	Crossidium	squamiferum	dtol								DTOL
Pottiaceae	Dialytrichia	mucronata	dtol								DTOL
Pottiaceae	Dialytrichia	saxicola	dtol								DTOL
Pottiaceae	Didymodon	acutus	dtol								DTOL
Pottiaceae	Didymodon	australasiae	dtol								DTOL
Pottiaceae	Didymodon	cordatus	dtol								DTOL
Pottiaceae	Didymodon	fallax	dtol								DTOL
Pottiaceae	Didymodon	ferrugineus	dtol								DTOL
Pottiaceae	Didymodon	glaucus	dtol								DTOL
Pottiaceae	Didymodon	icmadophilus	dtol								DTOL
Pottiaceae	Didymodon	insulanus	dtol_other_priority	yes				DTOL	DTOL		DTOL
Pottiaceae	Didymodon	luridus	dtol								DTOL
Pottiaceae	Didymodon	maximus	dtol								DTOL
Pottiaceae	Didymodon	nicholsonii	dtol								DTOL
Pottiaceae	Didymodon	rigidulus	dtol			yes		DTOL			DTOL
Pottiaceae	Didymodon	sinuosus	dtol								DTOL
Pottiaceae	Didymodon	spadiceus	dtol								DTOL
Pottiaceae	Didymodon	tomaculosus	dtol								DTOL
Pottiaceae	Didymodon	tophaceus	dtol								DTOL
Pottiaceae	Didymodon	umbrosus	dtol								DTOL
Pottiaceae	Didymodon	vinealis	dtol								DTOL
Pottiaceae	Ephemerum	cohaerens	dtol								DTOL
Pottiaceae	Ephemerum	crassinervium	dtol								DTOL
Pottiaceae	Ephemerum	minutissimum	dtol								DTOL
Pottiaceae	Ephemerum	recurvifolium	dtol								DTOL
Pottiaceae	Ephemerum	serratum	dtol								DTOL
Pottiaceae	Ephemerum	spinulosum	dtol								DTOL
Pottiaceae	Eucladium	verticillatum	dtol								DTOL
Pottiaceae	Gymnostomum	aeruginosum	dtol			yes		DTOL			DTOL
Pottiaceae	Gymnostomum	calcareum	dtol								DTOL
Pottiaceae	Gymnostomum	viridulum	dtol								DTOL
Pottiaceae	Gyroweisia	reflexa	dtol								DTOL
Pottiaceae	Gyroweisia	tenuis	dtol								DTOL
Pottiaceae	Hennediella	heimii	dtol								DTOL
Pottiaceae	Hennediella	macrophylla	dtol								DTOL
Pottiaceae	Hennediella	stanfordensis	dtol								DTOL
Pottiaceae	Hymenostylium	recurvirostrum	dtol								DTOL
Pottiaceae	Leptobarbula	berica	dtol								DTOL
Pottiaceae	Leptodontium	flexifolium	dtol								DTOL
Pottiaceae	Leptodontium	gemmascens	dtol								DTOL
Pottiaceae	Leptodontium	proliferum	dtol								DTOL
Pottiaceae	Microbryum	curvicollum	dtol								DTOL
Pottiaceae	Microbryum	davallianum	dtol								DTOL
Pottiaceae	Microbryum	floerkeanum	dtol								DTOL
Pottiaceae	Microbryum	rectum	dtol								DTOL
Pottiaceae	Microbryum	starckeanum	dtol								DTOL
Pottiaceae	Molendoa	warburgii	dtol								DTOL
Pottiaceae	Pottiopsis	caespitosa	dtol								DTOL
Pottiaceae	Pseudocrossidium	hornschuchianum	dtol								DTOL
Pottiaceae	Pseudocrossidium	revolutum	dtol			yes		DTOL			DTOL
Pottiaceae	Pterygoneurum	lamellatum	dtol								DTOL
Pottiaceae	Pterygoneurum	ovatum	dtol								DTOL
Pottiaceae	Pterygoneurum	papillosum	dtol								DTOL
Pottiaceae	Scopelophila	cataractae	dtol								DTOL
Pottiaceae	Stegonia	latifolia	dtol								DTOL
Pottiaceae	Streblotrichum	convolutum	dtol								DTOL
Pottiaceae	Syntrichia	laevipila	dtol								DTOL
Pottiaceae	Syntrichia	latifolia	dtol								DTOL
Pottiaceae	Syntrichia	montana	dtol								DTOL
Pottiaceae	Syntrichia	norvegica	dtol								DTOL
Pottiaceae	Syntrichia	papillosa	dtol				yes	DTOL			DTOL
Pottiaceae	Syntrichia	princeps	dtol								DTOL
Pottiaceae	Syntrichia	ruraliformis	dtol								DTOL
Pottiaceae	Syntrichia	ruralis	dtol								DTOL
Pottiaceae	Syntrichia	virescens	dtol								DTOL
Pottiaceae	Tortella	densa	dtol								DTOL
Pottiaceae	Tortella	fasciculata	dtol								DTOL
Pottiaceae	Tortella	flavovirens	dtol								DTOL
Pottiaceae	Tortella	fragilis	dtol								DTOL
Pottiaceae	Tortella	inclinata	dtol								DTOL
Pottiaceae	Tortella	inflexa	dtol								DTOL
Pottiaceae	Tortella	nitida	dtol								DTOL
Pottiaceae	Tortella	pseudofragilis	dtol								DTOL
Pottiaceae	Tortella	squarrosa	dtol								DTOL
Pottiaceae	Tortella	tortuosa	dtol_family_representative	yes				DTOL		DTOL	DTOL
Pottiaceae	Tortula	acaulon	dtol								DTOL
Pottiaceae	Tortula	amplexa	dtol								DTOL
Pottiaceae	Tortula	atrovirens	dtol								DTOL
Pottiaceae	Tortula	canescens	dtol								DTOL
Pottiaceae	Tortula	caucasica	dtol								DTOL
Pottiaceae	Tortula	cernua	dtol								DTOL
Pottiaceae	Tortula	cuneifolia	dtol								DTOL
Pottiaceae	Tortula	freibergii	dtol								DTOL
Pottiaceae	Tortula	inermis	dtol								DTOL
Pottiaceae	Tortula	leucostoma	dtol								DTOL
Pottiaceae	Tortula	lindbergii	dtol								DTOL
Pottiaceae	Tortula	marginata	dtol								DTOL
Pottiaceae	Tortula	muralis	dtol								DTOL
Pottiaceae	Tortula	protobryoides	dtol								DTOL
Pottiaceae	Tortula	schimperi	dtol								DTOL
Pottiaceae	Tortula	solmsii	dtol								DTOL
Pottiaceae	Tortula	subulata	dtol								DTOL
Pottiaceae	Tortula	truncata	dtol								DTOL
Pottiaceae	Tortula	vahliana	dtol								DTOL
Pottiaceae	Tortula	viridifolia	dtol								DTOL
Pottiaceae	Tortula	wilsonii	dtol								DTOL
Pottiaceae	Trichostomum	brachydontium	dtol			yes		DTOL			DTOL
Pottiaceae	Trichostomum	crispulum	dtol								DTOL
Pottiaceae	Weissia	angustifolia	dtol								DTOL
Pottiaceae	Weissia	brachycarpa	dtol								DTOL
Pottiaceae	Weissia	condensa	dtol								DTOL
Pottiaceae	Weissia	controversa	dtol								DTOL
Pottiaceae	Weissia	levieri	dtol								DTOL
Pottiaceae	Weissia	longifolia	dtol								DTOL
Pottiaceae	Weissia	perssonii	dtol								DTOL
Pottiaceae	Weissia	rostellata	dtol								DTOL
Pottiaceae	Weissia	rutilans	dtol								DTOL
Pottiaceae	Weissia	squarrosa	dtol								DTOL
Pottiaceae	Weissia	sterilis	dtol								DTOL
Pottiaceae	Weissia	wilsonii	dtol								DTOL
Pottiaceae	Weissia	wimmeriana	dtol								DTOL
Pottiaceae	Weissia	x mittenii	dtol								DTOL
Pseudoleskeaceae	Lescuraea	incurvata	dtol								DTOL
Pseudoleskeaceae	Lescuraea	patens	dtol_family_representative							DTOL	DTOL
Pseudoleskeaceae	Lescuraea	plicata	dtol_other_priority						DTOL		DTOL
Pseudoleskeaceae	Lescuraea	saxicola	dtol								DTOL
Pseudoleskeellaceae	Pseudoleskeella	catenulata	dtol_other_priority						DTOL		DTOL
Pseudoleskeellaceae	Pseudoleskeella	nervosa	dtol								DTOL
Pseudoleskeellaceae	Pseudoleskeella	rupestris	dtol_family_representative							DTOL	DTOL
Pterigynandraceae	Pterigynandrum	filiforme	dtol_family_representative			yes		DTOL		DTOL	DTOL
Ptychomitriaceae	Brachydontium	trichodes	dtol								DTOL
Ptychomitriaceae	Campylostelium	saxicola	dtol								DTOL
Ptychomitriaceae	Ptychomitrium	polyphyllum	dtol_family_representative			yes		DTOL		DTOL	DTOL
Pylaisiaceae	Buckia	vaucheri	dtol								DTOL
Pylaisiaceae	Calliergonella	cuspidata	dtol_other_priority	yes				DTOL	DTOL		DTOL
Pylaisiaceae	Calliergonella	lindbergii	dtol								DTOL
Pylaisiaceae	Homomallium	incurvatum	dtol								DTOL
Pylaisiaceae	Pseudohygrohypnum	eugyrium	dtol								DTOL
Pylaisiaceae	Pseudohygrohypnum	subeugyrium	dtol								DTOL
Pylaisiaceae	Pseudostereodon	procerrimus	dtol								DTOL
Pylaisiaceae	Ptilium	crista-castrensis	dtol_family_representative	yes				DTOL		DTOL	DTOL
Pylaisiaceae	Pylaisia	polyantha	dtol								DTOL
Pylaisiaceae	Roaldia	revoluta	dtol								DTOL
Pylaisiadelphaceae	Platygyrium	repens	dtol_family_representative							DTOL	DTOL
Rhabdoweisiaceae	Arctoa	anderssonii	dtol								DTOL
Rhabdoweisiaceae	Arctoa	fulvella	dtol								DTOL
Rhabdoweisiaceae	Cynodontium	bruntonii	dtol				yes	DTOL			DTOL
Rhabdoweisiaceae	Cynodontium	fallax	dtol								DTOL
Rhabdoweisiaceae	Cynodontium	jenneri	dtol								DTOL
Rhabdoweisiaceae	Cynodontium	polycarpon	dtol								DTOL
Rhabdoweisiaceae	Cynodontium	strumiferum	dtol								DTOL
Rhabdoweisiaceae	Cynodontium	tenellum	dtol								DTOL
Rhabdoweisiaceae	Dicranoweisia	cirrata	dtol_family_representative			yes		DTOL		DTOL	DTOL
Rhabdoweisiaceae	Glyphomitrium	daviesii	dtol								DTOL
Rhabdoweisiaceae	Kiaeria	blyttii	dtol			yes		DTOL			DTOL
Rhabdoweisiaceae	Kiaeria	falcata	dtol								DTOL
Rhabdoweisiaceae	Kiaeria	glacialis	dtol								DTOL
Rhabdoweisiaceae	Kiaeria	starkei	dtol				yes	DTOL			DTOL
Rhabdoweisiaceae	Oncophorus	integerrimus	dtol								DTOL
Rhabdoweisiaceae	Oncophorus	virens	dtol								DTOL
Rhabdoweisiaceae	Oncophorus	wahlenbergii	dtol								DTOL
Rhabdoweisiaceae	Rhabdoweisia	crenulata	dtol_other_priority						DTOL		DTOL
Rhabdoweisiaceae	Rhabdoweisia	crispata	dtol				yes	DTOL			DTOL
Rhabdoweisiaceae	Rhabdoweisia	fugax	dtol								DTOL
Rhizogoniaceae	Calomnion	complanatum	dtol_family_representative							DTOL	DTOL
Rhytidiaceae	Rhytidium	rugosum	dtol_family_representative			yes		DTOL		DTOL	DTOL
Saelaniaceae	Saelania	glaucescens	dtol_family_representative							DTOL	DTOL
Schistostegaceae	Schistostega	pennata	dtol_family_representative							DTOL	DTOL
Scorpidiaceae	Hamatocaulis	vernicosus	dtol								DTOL
Scorpidiaceae	Hygrohypnella	ochracea	dtol			yes		DTOL			DTOL
Scorpidiaceae	Hygrohypnella	polaris	dtol								DTOL
Scorpidiaceae	Sanionia	orthothecioides	dtol								DTOL
Scorpidiaceae	Sanionia	uncinata	dtol	yes				DTOL			DTOL
Scorpidiaceae	Scorpidium	cossonii	dtol_family_representative	yes				DTOL		DTOL	DTOL
Scorpidiaceae	Scorpidium	revolvens	dtol_other_priority	yes				DTOL	DTOL		DTOL
Scorpidiaceae	Scorpidium	scorpioides	dtol			yes		DTOL			DTOL
Seligeriaceae	Blindia	acuta	dtol_family_representative			yes		DTOL		DTOL	DTOL
Seligeriaceae	Blindia	caespiticia	dtol								DTOL
Seligeriaceae	Blindiadelphus	campylopodus	dtol								DTOL
Seligeriaceae	Blindiadelphus	diversifolius	dtol								DTOL
Seligeriaceae	Blindiadelphus	recurvatus	dtol			yes		DTOL			DTOL
Seligeriaceae	Seligeria	acutifolia	dtol								DTOL
Seligeriaceae	Seligeria	brevifolia	dtol								DTOL
Seligeriaceae	Seligeria	calcarea	dtol								DTOL
Seligeriaceae	Seligeria	calycina	dtol								DTOL
Seligeriaceae	Seligeria	carniolica	dtol								DTOL
Seligeriaceae	Seligeria	donniana	dtol								DTOL
Seligeriaceae	Seligeria	oelandica	dtol								DTOL
Seligeriaceae	Seligeria	patula	dtol								DTOL
Seligeriaceae	Seligeria	pusilla	dtol_other_priority						DTOL		DTOL
Seligeriaceae	Seligeria	trifaria	dtol								DTOL
Sematophyllaceae	Sematophyllum	demissum	dtol_family_representative							DTOL	DTOL
Sematophyllaceae	Sematophyllum	substrumulosum	dtol								DTOL
Sphagnaceae	Sphagnum	affine	dtol								DTOL
Sphagnaceae	Sphagnum	angustifolium	dtol			yes		DTOL			DTOL
Sphagnaceae	Sphagnum	auriculatum	dtol				yes	DTOL			DTOL
Sphagnaceae	Sphagnum	austinii	dtol								DTOL
Sphagnaceae	Sphagnum	balticum	dtol								DTOL
Sphagnaceae	Sphagnum	beothuk	dtol								DTOL
Sphagnaceae	Sphagnum	capillifolium	dtol								DTOL
Sphagnaceae	Sphagnum	compactum	dtol								DTOL
Sphagnaceae	Sphagnum	contortum	dtol			yes		DTOL			DTOL
Sphagnaceae	Sphagnum	cuspidatum	dtol								DTOL
Sphagnaceae	Sphagnum	divinum	dtol								DTOL
Sphagnaceae	Sphagnum	fallax	dtol_other_priority						DTOL		DTOL
Sphagnaceae	Sphagnum	fimbriatum	dtol			yes		DTOL			DTOL
Sphagnaceae	Sphagnum	flexuosum	dtol								DTOL
Sphagnaceae	Sphagnum	fuscum	dtol								DTOL
Sphagnaceae	Sphagnum	girgensohnii	dtol				yes	DTOL			DTOL
Sphagnaceae	Sphagnum	inundatum	dtol_family_representative	yes				DTOL		DTOL	DTOL
Sphagnaceae	Sphagnum	lindbergii	dtol								DTOL
Sphagnaceae	Sphagnum	majus	dtol								DTOL
Sphagnaceae	Sphagnum	medium	dtol			yes		DTOL			DTOL
Sphagnaceae	Sphagnum	molle	dtol								DTOL
Sphagnaceae	Sphagnum	obtusum	dtol								DTOL
Sphagnaceae	Sphagnum	palustre	dtol				yes	DTOL			DTOL
Sphagnaceae	Sphagnum	papillosum	dtol			yes		DTOL			DTOL
Sphagnaceae	Sphagnum	platyphyllum	dtol								DTOL
Sphagnaceae	Sphagnum	pulchrum	dtol								DTOL
Sphagnaceae	Sphagnum	quinquefarium	dtol								DTOL
Sphagnaceae	Sphagnum	riparium	dtol								DTOL
Sphagnaceae	Sphagnum	rubellum	dtol			yes		DTOL			DTOL
Sphagnaceae	Sphagnum	russowii	dtol								DTOL
Sphagnaceae	Sphagnum	skyense	dtol								DTOL
Sphagnaceae	Sphagnum	squarrosum	dtol								DTOL
Sphagnaceae	Sphagnum	strictum	dtol								DTOL
Sphagnaceae	Sphagnum	subnitens	dtol								DTOL
Sphagnaceae	Sphagnum	subsecundum	dtol								DTOL
Sphagnaceae	Sphagnum	tenellum	dtol			yes		DTOL			DTOL
Sphagnaceae	Sphagnum	teres	dtol								DTOL
Sphagnaceae	Sphagnum	warnstorfii	dtol								DTOL
Splachnaceae	Aplodon	wormskioldii	dtol								DTOL
Splachnaceae	Splachnum	ampullaceum	dtol								DTOL
Splachnaceae	Splachnum	sphaericum	dtol_other_priority			yes		DTOL	DTOL		DTOL
Splachnaceae	Splachnum	vasculosum	dtol								DTOL
Splachnaceae	Tayloria	lingulata	dtol								DTOL
Splachnaceae	Tayloria	tenuis	dtol								DTOL
Splachnaceae	Tetraplodon	angustatus	dtol								DTOL
Splachnaceae	Tetraplodon	mnioides	dtol_family_representative			yes		DTOL		DTOL	DTOL
Stereodontaceae	Stereodon	callichrous	dtol_family_representative			yes		DTOL		DTOL	DTOL
Stereodontaceae	Stereodon	hamulosus	dtol_other_priority						DTOL		DTOL
Taxiphyllaceae	Taxiphyllum	wissgrillii	dtol_family_representative							DTOL	DTOL
Tetraphidaceae	Tetraphis	pellucida	dtol_family_representative			yes		DTOL		DTOL	DTOL
Tetraphidaceae	Tetrodontium	brownianum	dtol				yes	DTOL			DTOL
Tetraphidaceae	Tetrodontium	repandum	dtol								DTOL
Thuidiaceae	Abietinella	abietina	dtol								DTOL
Thuidiaceae	Helodium	blandowii	dtol								DTOL
Thuidiaceae	Thuidium	assimile	dtol								DTOL
Thuidiaceae	Thuidium	delicatulum	dtol_other_priority	yes				DTOL	DTOL		DTOL
Thuidiaceae	Thuidium	recognitum	dtol								DTOL
Thuidiaceae	Thuidium	tamariscinum	dtol_family_representative	yes				DTOL		DTOL	DTOL
Timmiaceae	Timmia	austriaca	dtol_family_representative							DTOL	DTOL
Timmiaceae	Timmia	megapolitana	dtol								DTOL
Timmiaceae	Timmia	norvegica	dtol_other_priority						DTOL		DTOL
