superorder	orders_latin_name	species_sequenced	status	main_project	second_project	phylum	phase1	sample_collected	sample_acquired	in_progress	insdc_submitted	insdc_open	published
Afrotheria	Proboscidea	Elephas maximus indicus	in_progress	VGP	Collosal	Chordata	VGP	VGP	VGP	VGP			
Afrotheria	Hyracoidea	Heterohyrax brucei	in_progress			Chordata	VGP	VGP	VGP	VGP			
Afrotheria	Sirenia	Dugong dugon	in_progress			Chordata	VGP	VGP	VGP	VGP			
Afrotheria	Macroscelidea	Rhynchocyon cirnei	in_progress			Chordata	VGP	VGP	VGP	VGP			
Afrotheria	Afrosoricida (Tenrecidae)	Microgale cowani	in_progress			Chordata	VGP	VGP	VGP	VGP			
Afrotheria	Afrosoricida (Chrysochloridae)	Amblysomus hottentotus				Chordata	VGP						
Afrotheria	Tubulidentata	Orycteropus afer	in_progress			Chordata	VGP	VGP	VGP	VGP			
Xenarthra	Pilosa (Vermilingua)	Tamandua tetradactyla	in_progress	VGP		Chordata	VGP	VGP	VGP	VGP			
Xenarthra	Pilosa (Folivora)	Choloepus didactylus	in_progress	VGP		Chordata	VGP	VGP	VGP	VGP			
Xenarthra	Cingulata	Dasypus novemcinctus	in_progress	VGP	BRAIN	Chordata	VGP	VGP	VGP	VGP			
Supraprimates (Euarchontoglires)	Primates (Catarrhines)	Homo sapiens	in_progress	VGP	HPRC	Chordata	VGP	VGP	VGP	VGP			
		Homo sapiens				Chordata	VGP						
		Homo sapiens		T2T		Chordata	VGP						
		Homo sapiens		HPRC		Chordata	VGP						
		Homo sapiens		HPRC		Chordata	VGP						
Supraprimates (Euarchontoglires)	Primates (Platyrrhines)	Callithrix jacchus	in_progress	VGP		Chordata	VGP	VGP	VGP	VGP			
		Callithrix jacchus		VGP		Chordata	VGP						
Supraprimates (Euarchontoglires)	Primates (Tarsiiformes)	Carlito syrichta				Chordata	VGP						
Supraprimates (Euarchontoglires)	Primates (Lorisoidea)	Nycticebus coucang	in_progress			Chordata	VGP	VGP	VGP	VGP			
Supraprimates (Euarchontoglires)	Primates (Lemuroidea)	Lemur catta	in_progress	VGP		Chordata	VGP	VGP	VGP	VGP			
Supraprimates (Euarchontoglires)	Dermoptera	Cynocephalus volans	in_progress			Chordata	VGP	VGP	VGP	VGP			
Supraprimates (Euarchontoglires)	Rodentia (Erethizontidae Porcupines)	Erethizon dorsatum	in_progress	VGP		Chordata	VGP	VGP	VGP	VGP			
Supraprimates (Euarchontoglires)	Rodentia (Ctenodactylidae)	Ctenodactylus gundi	in_progress			Chordata	VGP	VGP	VGP	VGP			
Supraprimates (Euarchontoglires)	Rodentia (Gliridae)	Glis glis	in_progress			Chordata	VGP	VGP	VGP	VGP			
Supraprimates (Euarchontoglires)	Rodentia (Sciuridae)	Sciurus vulgaris	in_progress	Sanger 25G		Chordata	VGP	VGP	VGP	VGP			
Supraprimates (Euarchontoglires)	Rodentia (Sciuridae)	Sciurus carolinensis 		Sanger 25G		Chordata	VGP						
Supraprimates (Euarchontoglires)	Rodentia (Aplodontiidae)	Aplodontia rufa				Chordata	VGP						
Supraprimates (Euarchontoglires)	Rodentia (Muridae, Acomys)	Acomys russatus	in_progress	VGP		Chordata	VGP	VGP	VGP	VGP			
Supraprimates (Euarchontoglires)	Rodentia (Muridae, Apodemus)	Apodemus sylvaticus		DToL		Chordata	VGP						
Supraprimates (Euarchontoglires)	Rodentia (Muridae, Arvicanthis)	Arvicanthis niloticus		VGP		Chordata	VGP						
		Arvicanthis niloticus				Chordata	VGP						
Supraprimates (Euarchontoglires)	Rodentia (Muridae, Murinae)	Rattus norvegicus		DToL		Chordata	VGP						
Supraprimates (Euarchontoglires)	Rodentia (Cricetidae)	Onychomys torridus	in_progress	VGP		Chordata	VGP	VGP	VGP	VGP			
Supraprimates (Euarchontoglires)	Rodentia (Cricetidae)	Arvicola amphibius		Sanger 25G		Chordata	VGP						
Supraprimates (Euarchontoglires)	Rodentia (Dipodidae)	Jaculus jaculus	in_progress			Chordata	VGP	VGP	VGP	VGP			
		Jaculus jaculus				Chordata	VGP						
Supraprimates (Euarchontoglires)	Rodentia (Anomaluridae)	Anomalurus beecrofti	in_progress			Chordata	VGP	VGP	VGP	VGP			
Supraprimates (Euarchontoglires)	Rodentia (Pedetidae)	Pedetes capensis	in_progress			Chordata	VGP	VGP	VGP	VGP			
Supraprimates (Euarchontoglires)	Rodentia (Geomyoidea)	Thomomys bottae	in_progress			Chordata	VGP	VGP	VGP	VGP			
Supraprimates (Euarchontoglires)	Rodentia (Castoridae)	Castor canadensis				Chordata	VGP						
Supraprimates (Euarchontoglires)	Lagomorpha (Leporidae)	Oryctolagus cuniculus				Chordata	VGP						
Supraprimates (Euarchontoglires)	Lagomorpha (Ochotonidae)	Ochotona princeps	in_progress			Chordata	VGP	VGP	VGP	VGP			
Supraprimates (Euarchontoglires)	Scandentia (Tupaiidae)	Tupaia tana	in_progress			Chordata	VGP	VGP	VGP	VGP			
Supraprimates (Euarchontoglires)	Scandentia (Ptilocercidae)	Ptilocercus lowii				Chordata	VGP						
Laurasiatheria	Cetartiodactyla (Cetacea, Phocoenidae)	Phocoena sinus	in_progress	VGP	Cetacean GP	Chordata	VGP	VGP	VGP	VGP			
Laurasiatheria	Cetartiodactyla (Cetacea, Delphinidae)	Tursiops truncatus		VGP	Cetacean GP	Chordata	VGP						
		Tursiops truncatus				Chordata	VGP						
Laurasiatheria	Cetartiodactyla (Cetacea, Balaenopteridae)	Balaenoptera musculus				Chordata	VGP						
Laurasiatheria	Cetartiodactyla (Cetacea, Delphinidae)	Orcinus orca		DToL	Cetacean GP	Chordata	VGP						
Laurasiatheria	Cetartiodactyla (Cetacea, Ziphiidae)	Mesoplodon densirostris		Cetacean GP		Chordata	VGP						
Laurasiatheria	Cetartiodactyla (Cetacea, Balaenopteridae)	Balaenoptera ricei		Cetacean GP		Chordata	VGP						
Laurasiatheria	Cetartiodactyla (Cetacea, Kogiidae)	Kogia breviceps		Cetacean GP		Chordata	VGP						
Laurasiatheria	Cetartiodactyla (Hippopotamidae)	Hippopotamus amphibius	in_progress			Chordata	VGP	VGP	VGP	VGP			
Laurasiatheria	Cetartiodactyla (non Cetacea ungulates, Bovidae)	Bos taurus	in_progress	Cattle		Chordata	VGP	VGP	VGP	VGP			
Laurasiatheria	Cetartiodactyla (non Cetacea ungulates, Bovidae)	Bos indicus		Cattle		Chordata	VGP						
Laurasiatheria	Cetartiodactyla (non Cetacea ungulates, Cervidae)	Cervus elaphus		DToL		Chordata	VGP						
Laurasiatheria	Cetartiodactyla (Suidae)	Sus scrofa	in_progress			Chordata	VGP	VGP	VGP	VGP			
Laurasiatheria	Cetartiodactyla (Camelidae)	Camelus dromedarius	in_progress			Chordata	VGP	VGP	VGP	VGP			
Laurasiatheria	Perissodactyla (Equidae)	Equus caballus	in_progress			Chordata	VGP	VGP	VGP	VGP			
Laurasiatheria	Perissodactyla (Rhinoceratidae)	Diceros bicornis minor	in_progress	VGP		Chordata	VGP	VGP	VGP	VGP			
		Diceros bicornis minor		VGP		Chordata	VGP						
Laurasiatheria	Perissodactyla (Tapiridae)	Tapirus indicus	in_progress			Chordata	VGP	VGP	VGP	VGP			
Laurasiatheria	Chiroptera (Yangochiroptera, Phyllostomidae)	Phyllostomus discolor	in_progress	VGP		Chordata	VGP	VGP	VGP	VGP			
Laurasiatheria	Chiroptera (Yangochiroptera, Molossidae)	Molossus molossus		Bat1K		Chordata	VGP						
Laurasiatheria	Chiroptera (Yangochiroptera, Vespertilionidae)	Myotis myotis		Bat1K		Chordata	VGP						
Laurasiatheria	Chiroptera (Yangochiroptera, Vespertilionidae)	Pipistrellus kuhlii		Bat1K		Chordata	VGP						
Laurasiatheria	Chiroptera (Yangochiroptera, Vespertilionidae)	Pipistrellus pipistrellus		Sanger 25G		Chordata	VGP						
Laurasiatheria	Chiroptera (Yinpterochiroptera, Rhinolophidae)	Rhinolophus ferrumequinum	in_progress	VGP		Chordata	VGP	VGP	VGP	VGP			
Laurasiatheria	Chiroptera (Yinpterochiroptera, Pteropodidae)	Rousettus aegyptiacus		Bat1K		Chordata	VGP						
Laurasiatheria	Carnivora (Caniformia, Mustelidae)	Lutra lutra	in_progress	Sanger 25G		Chordata	VGP	VGP	VGP	VGP			
Laurasiatheria	Carnivora (Caniformia, Mustelidae)	Mustela erminea		VGP		Chordata	VGP						
Laurasiatheria	Carnivora (Caniformia, Canidae)	Canis lupus orion		DToL		Chordata	VGP						
Laurasiatheria	Carnivora (Caniformia, Mustelidae)	Meles meles		DToL		Chordata	VGP						
		Meles meles		DToL		Chordata	VGP						
Laurasiatheria	Carnivora (Caniformia, Otariidae)	Zalophus californianus				Chordata	VGP						
Laurasiatheria	Carnivora (Feliformia)	Lynx canadensis	in_progress	VGP		Chordata	VGP	VGP	VGP	VGP			
Laurasiatheria	Carnivora (Feliformia)	Neofelis nebulosa				Chordata	VGP						
Laurasiatheria	Pholidota	Manis pentadactyla	in_progress			Chordata	VGP	VGP	VGP	VGP			
Laurasiatheria	Eulipotyphla (Soricidae)	Suncus etruscus	in_progress	VGP		Chordata	VGP	VGP	VGP	VGP			
Laurasiatheria	Eulipotyphla (Soricidae)	Sorex araneus				Chordata	VGP						
Laurasiatheria	Eulipotyphla (Talpidae)	Talpa europaea				Chordata	VGP						
Laurasiatheria	Eulipotyphla (Erinaceidae)	Erinaceus europaeus				Chordata	VGP						
Laurasiatheria	Eulipotyphla (Solenodontidae)	Solenodon paradoxus	in_progress			Chordata	VGP	VGP	VGP	VGP			
Marsupials	Diprotodontia (Phalangeriformes)	Trichosurus vulpecula	in_progress	VGP		Chordata	VGP	VGP	VGP	VGP			
Marsupials	Diprotodontia (Hypsiprymnodontidae/Macropodidae)	Macropus eugenii	in_progress			Chordata	VGP	VGP	VGP	VGP			
Marsupials	Diprotodontia (Phascolarctidae/Vombatiformes)	Phascolarctos cinereus	in_progress			Chordata	VGP	VGP	VGP	VGP			
Marsupials	Peramelemorphia	Macrotis lagotis	in_progress			Chordata	VGP	VGP	VGP	VGP			
Marsupials	Dasyuromorphia	Sarcophilus harrisii	in_progress			Chordata	VGP	VGP	VGP	VGP			
Marsupials	Notoryctemorphia	Notoryctes typhlops				Chordata	VGP						
Marsupials	Microbiotheria	Dromiciops gliroides	in_progress	VGP		Chordata	VGP	VGP	VGP	VGP			
Marsupials	Didelphimorphia	Monodelphis domestica	in_progress			Chordata	VGP	VGP	VGP	VGP			
Marsupials	Paucituberculata	Lestoros inca				Chordata	VGP						
Monotremes	Monotremata	Ornithorhynchus anatinus	in_progress			Chordata	VGP	VGP	VGP	VGP			
Monotremes	Monotremata	Tachyglossus aculeatus		VGP		Chordata	VGP						
Core landbirds	Passeriformes Oscines (Estrildidae)	Taeniopygia guttata	in_progress	VGP		Chordata	VGP	VGP	VGP	VGP			
		Taeniopygia guttata		VGP		Chordata	VGP						
		Taeniopygia guttata				Chordata	VGP						
Core landbirds	Passeriformes Oscines (Fringillidae)	Haemorhous mexicanus				Chordata	VGP						
Core landbirds	Passeriformes Oscines (Passerellidae)	Melospiza georgiana				Chordata	VGP						
Core landbirds	Passeriformes Oscines (Passerellidae)	Ammodramus caudacutus				Chordata	VGP						
Core landbirds	Passeriformes Oscines (Passerellidae)	Ammospiza nelsoni				Chordata	VGP						
Core landbirds	Passeriformes Oscines (Sylviidae)	Sylvia borin		VGP		Chordata	VGP						
Core landbirds	Passeriformes Oscines (Sylviidae)	Sylvia atricapilla		VGP		Chordata	VGP						
Core landbirds	Passeriformes Oscines (Hirundinidae)	Hirundo rustica		VGP		Chordata	VGP						
Core landbirds	Passeriformes Oscines (Parulidae)	Geothlypis trichas		VGP		Chordata	VGP						
Core landbirds	Passeriformes Oscines (Turdidae)	Erithacus rubecula		Sanger 25G		Chordata	VGP						
Core landbirds	Passeriformes Oscines (Turdidae)	Catharus ustulatus		VGP		Chordata	VGP						
Core landbirds	Passeriformes Oscines (Sturnidae)	Acridotheres tristis				Chordata	VGP						
Core landbirds	Passeriformes Oscines (Covidae)	Corvus hawaiiensis		VGP		Chordata	VGP						
Core landbirds	Passeriformes Oscines (Covidae)	Corvus moneduloides		VGP		Chordata	VGP						
Core landbirds	Passeriformes Suboscines	Chiroxiphia lanceolata	in_progress	VGP	RCN Manakin	Chordata	VGP	VGP	VGP	VGP			
Core landbirds	Passeriformes Acanthisitti	Acanthisitta chloris	in_progress			Chordata	VGP	VGP	VGP	VGP			
Core landbirds	Psittaciformes (Strigopidae)	Strigops habroptilus	in_progress	VGP		Chordata	VGP	VGP	VGP	VGP			
Core landbirds	Psittaciformes (Psittaculidae)	Melopsittacus undulatus				Chordata	VGP						
Core landbirds	Psittaciformes (Psittaculidae)	Melopsittacus undulatus				Chordata	VGP						
Core landbirds	Psittaciformes (Psittacidae)	Ara ararauna				Chordata	VGP						
Core landbirds	Falconiformes (Falconidae)	Falco peregrinus	in_progress	VGP		Chordata	VGP	VGP	VGP	VGP			
Core landbirds	Falconiformes (Falconidae)	Falco rusticolus		Falcon		Chordata	VGP						
Core landbirds	Falconiformes (Falconidae)	Falco biarmicus		Falcon		Chordata	VGP						
Core landbirds	Falconiformes (Falconidae)	Falco cherrug		Falcon		Chordata	VGP						
Core landbirds	Falconiformes (Falconidae)	Falco naumanni		Falcon		Chordata	VGP						
		Falco naumanni		Falcon		Chordata	VGP						
Core landbirds	Cariamiformes	Cariama cristata	in_progress			Chordata	VGP	VGP	VGP	VGP			
Core landbirds	Piciformes (Picidae)	Picoides pubescens	in_progress	VGP		Chordata	VGP	VGP	VGP	VGP			
Core landbirds	Piciformes (Lybiidae)	Pogoniulus pusillus		VGP		Chordata	VGP						
Core landbirds	Coraciiformes	Merops nubicus	in_progress	VGP		Chordata	VGP	VGP	VGP	VGP			
Core landbirds	Bucerotiformes	Bucorvus abyssinicus	in_progress	VGP		Chordata	VGP	VGP	VGP	VGP			
Core landbirds	Trogoniformes	Trogon surrucura	in_progress	VGP		Chordata	VGP	VGP	VGP	VGP			
Core landbirds	Leptosomiiformes	Leptosomus discolor				Chordata	VGP						
Core landbirds	Coliiformes	Colius striatus	in_progress			Chordata	VGP	VGP	VGP	VGP			
Core landbirds	Strigiformes	Tyto alba	in_progress			Chordata	VGP	VGP	VGP	VGP			
Core landbirds	Accipitriformes (Accipitridae)	Aquila chrysaetos	in_progress	Sanger 25G		Chordata	VGP	VGP	VGP	VGP			
Core landbirds	Accipitriformes (Accipitridae)	Haliaeetus albicilla		ERGA		Chordata	VGP						
Core landbirds	Accipitriformes (Accipitridae)	Harpia harpyja				Chordata	VGP						
Core landbirds	Accipitriformes (Accipitridae)	Accipiter gentilis		DToL		Chordata	VGP						
Core landbirds	Accipitriformes (Accipitridae)	Gypaetus barbatus				Chordata	VGP						
Core landbirds	Cathartiformes	Sarcoramphus papa				Chordata	VGP						
Core waterbirds	Pelecaniformes (Pelecanidae)	Pelecanus crispus	in_progress			Chordata	VGP	VGP	VGP	VGP			
Core waterbirds	Pelicaniformes (Ardeidae)	Egretta garzetta	in_progress			Chordata	VGP	VGP	VGP	VGP			
Core waterbirds	Pelicaniformes (Threskiornithidae)	Theristicus caerulescens	in_progress	VGP		Chordata	VGP	VGP	VGP	VGP			
Core waterbirds	Pelicaniformes (Phalacrocoracidae)	Phalacrocorax carbo	in_progress			Chordata	VGP	VGP	VGP	VGP			
Core waterbirds	Pelicaniformes (Phalacrocoracidae)	Gulosus aristotelis				Chordata	VGP						
Core waterbirds	Suliformes	Morus bassanus	in_progress			Chordata	VGP	VGP	VGP	VGP			
Core waterbirds	Ciconiiformes	Ciconia maguari	in_progress			Chordata	VGP	VGP	VGP	VGP			
Core waterbirds	Procellariiformes	Fulmarus glacialis	in_progress			Chordata	VGP	VGP	VGP	VGP			
Core waterbirds	Sphenisciformes	Spheniscus humboldti	in_progress			Chordata	VGP	VGP	VGP	VGP			
Core waterbirds	Gaviiformes	Gavia stellata	in_progress			Chordata	VGP	VGP	VGP	VGP			
Core waterbirds	Phaethontiformes	"Phaethon	aethereus"	in_progress			Chordata	VGP	VGP	VGP	VGP			
Core waterbirds	Eurypgiformes	Rhynochetos jubatus	in_progress			Chordata	VGP	VGP	VGP	VGP			
Core waterbirds	Charadriiformes (Charadriidae)	Pluvialis apricaria	in_progress	VGP	DToL	Chordata	VGP	VGP	VGP	VGP			
Core waterbirds	Charadriiformes (Alcidae)	Alca Torda				Chordata	VGP						
Core waterbirds	Charadriiformes (Laridae)	Sterna hirundo		VGP		Chordata	VGP						
Core waterbirds	Gruiformes (Gruidae)	Balearica regulorum gibbericeps	in_progress	VGP		Chordata	VGP	VGP	VGP	VGP			
Core waterbirds	Gruiformes (Gruidae)	Grus americana		VGP		Chordata	VGP						
Core waterbirds	Cranes	Porphyrio hochstetteri		VGP		Chordata	VGP						
Core waterbirds	Opisthocomiformes	Opisthocomus hoazin	in_progress			Chordata	VGP	VGP	VGP	VGP			
Caprimulgimorphae	Trochiliformes	Calypte anna	in_progress	VGP		Chordata	VGP	VGP	VGP	VGP			
Caprimulgimorphae	Apodiformes	Apus apus	in_progress	VGP		Chordata	VGP	VGP	VGP	VGP			
Caprimulgimorphae	Apodiformes (Hemiprocnidae)	Hemiprocne comata	in_progress	VGP		Chordata	VGP	VGP	VGP	VGP			
Caprimulgimorphae	Caprimulgiformes (Caprimulgidae)	Caprimulgus europaeus	in_progress	DToL	VGP	Chordata	VGP	VGP	VGP	VGP			
Caprimulgimorphae	Caprimulgiformes (Aegothelidae)	Aegotheles insignis				Chordata	VGP						
Caprimulgimorphae	Caprimulgiformes (Podargidae)	Podargus strigoides	in_progress			Chordata	VGP	VGP	VGP	VGP			
Caprimulgimorphae	Caprimulgiformes (Steatornithidae)	Steatornis caripensis	in_progress			Chordata	VGP	VGP	VGP	VGP			
Caprimulgimorphae	Caprimulgiformes (Nyctibiidae)	Nyctibius grandis	in_progress			Chordata	VGP	VGP	VGP	VGP			
Otidimorphae	Otidiformes	Otis tarda	in_progress			Chordata	VGP	VGP	VGP	VGP			
Otidimorphae	Musophagiformes	Tauraco erythrolophus	in_progress	VGP		Chordata	VGP	VGP	VGP	VGP			
Otidimorphae	Cuculiformes	Cuculus canorus	in_progress	VGP		Chordata	VGP	VGP	VGP	VGP			
Columbea	Mesitornithiformes	Mesitornis unicolor				Chordata	VGP						
Columbea	Pterocliformes	Pterocles gutturalis	in_progress	VGP		Chordata	VGP	VGP	VGP	VGP			
Columbea	Columbiformes	Streptopelia turtur	in_progress	Sanger 25G		Chordata	VGP	VGP	VGP	VGP			
Columbea	Phoenicopteriformes	Phoenicopterus ruber	in_progress	VGP		Chordata	VGP	VGP	VGP	VGP			
Columbea	Podicipediformes	Podiceps cristatus	in_progress			Chordata	VGP	VGP	VGP	VGP			
GalloAnserformes	Galliformes (Phasianidae)	Gallus gallus	in_progress			Chordata	VGP	VGP	VGP	VGP			
GalloAnserformes	Galliformes (Phasianidae)	Gallus gallus				Chordata	VGP						
GalloAnserformes	Galliformes (Phasianidae)	Gallus gallus				Chordata	VGP						
GalloAnserformes	Galliformes (Phasianidae)	Gallus gallus				Chordata	VGP						
GalloAnserformes	Galliformes (Phasianidae)	Lagopus muta		VGP		Chordata	VGP						
GalloAnserformes	Anseriformes (Anatidae)	Aythya fuligula	in_progress	VGP		Chordata	VGP	VGP	VGP	VGP			
GalloAnserformes	Anseriformes (Anatidae)	Anas platyrhynchos domestica				Chordata	VGP						
GalloAnserformes	Anseriformes (Anatidae)	Cygnus olor		VGP		Chordata	VGP						
Palaeognathae	Struthioniformes	Struthio camelus australis	in_progress			Chordata	VGP	VGP	VGP	VGP			
Palaeognathae	Tinamiformes	Tinamus guttatus				Chordata	VGP						
Palaeognathae	Casuariiformes	Dromaius novaehollandiae	in_progress	VGP		Chordata	VGP	VGP	VGP	VGP			
Palaeognathae	Apterygiformes	Apteryx australis	in_progress			Chordata	VGP	VGP	VGP	VGP			
Palaeognathae	Rheiformes	Rhea pennata	in_progress			Chordata	VGP	VGP	VGP	VGP			
Crocodylia	Crocodylidae	Crocodylus porosus				Chordata	VGP						
Crocodylia	Alligatoridae	Alligator mississippiensis	in_progress			Chordata	VGP	VGP	VGP	VGP			
Crocodylia	Gavialidae	Gavialis gangeticus	in_progress			Chordata	VGP	VGP	VGP	VGP			
Testudines, Cryptodira	Carettochelyidae	Carettochelys insculpta				Chordata	VGP						
Testudines, Cryptodira	Cheloniidae	Chelonia mydas	in_progress	VGP		Chordata	VGP	VGP	VGP	VGP			
Testudines, Cryptodira	Chelydridae	Chelydra serpentina	in_progress			Chordata	VGP	VGP	VGP	VGP			
Testudines, Cryptodira	Dermatemydidae	Dermatemys mawii	in_progress			Chordata	VGP	VGP	VGP	VGP			
Testudines, Cryptodira	Dermochelyidae	Dermochelys coriacea	in_progress	VGP		Chordata	VGP	VGP	VGP	VGP			
Testudines, Cryptodira	Emydidae	Emys orbicularis	in_progress	VGP		Chordata	VGP	VGP	VGP	VGP			
Testudines, Cryptodira	Emydidae	Malaclemys terrapin		VGP		Chordata	VGP						
Testudines, Cryptodira	Geoemydidae	Geoemyda japonica	in_progress			Chordata	VGP	VGP	VGP	VGP			
Testudines, Cryptodira	Kinosternidae	Sternotherus odoratus	in_progress			Chordata	VGP	VGP	VGP	VGP			
Testudines, Cryptodira	Platysternidae	Platysternon megacephalum				Chordata	VGP						
Testudines, Cryptodira	Testudinidae	Gopherus evgoodei	in_progress	VGP		Chordata	VGP	VGP	VGP	VGP			
Testudines, Cryptodira	Testudinidae	Gopherus flavomarginatus		VGP		Chordata	VGP						
		Gopherus flavomarginatus				Chordata	VGP						
Testudines, Cryptodira	Trionychidae	Apalone spinifera	in_progress			Chordata	VGP	VGP	VGP	VGP			
Testudines, Pleurodira	Chelidae	Mesoclemmys tuberculata	in_progress			Chordata	VGP	VGP	VGP	VGP			
Testudines, Pleurodira	Pelomedusidae	Pelusios castaneus	in_progress			Chordata	VGP	VGP	VGP	VGP			
Testudines, Pleurodira	Podocnemididae	Podocnemis expansa	in_progress			Chordata	VGP	VGP	VGP	VGP			
Squamata	Serpentes (Boidae)	Candoia aspera	in_progress			Chordata	VGP	VGP	VGP	VGP			
Squamata	Serpentes (Elapidae/Crotalinae/Viperidae)	Vipera latastei	in_progress	VGP		Chordata	VGP	VGP	VGP	VGP			
Squamata	Serpentes (Viperidae)	Vipera ursinii		ERGA		Chordata	VGP						
Squamata	Serpentes (Viperidae)	Erythrolamprus reginae				Chordata	VGP						
Squamata	Serpentes (Colubridae)	Thamnophis elegans	in_progress			Chordata	VGP	VGP	VGP	VGP			
Squamata	Serpentes (Anomalepidae)	Typhlophis squamosus	in_progress			Chordata	VGP	VGP	VGP	VGP			
Squamata	Iguania (Polychrotidae ???)	Anolis sagrei	in_progress			Chordata	VGP	VGP	VGP	VGP			
Squamata	Iguania (Chamaeleoninae)	Chamaeleo chamaeleon				Chordata	VGP						
Squamata	Iguania (Iguanidae)	Cyclura pinguis	in_progress			Chordata	VGP	VGP	VGP	VGP			
Squamata	Anguimorpha (Xenosuaridae)	Anguis anguis				Chordata	VGP						
Squamata	Anguimorpha (Shinisaudridae)	Shinisaurus crocodilurus	in_progress			Chordata	VGP	VGP	VGP	VGP			
Squamata	Lacertoidea (Lacertidae)	Lacerta agilis	in_progress	VGP		Chordata	VGP	VGP	VGP	VGP			
Squamata	Lacertoidea (Lacertidae)	Podarcis raffonei				Chordata	VGP						
Squamata	Lacertoidea (Rhineuridae/Amphisbaenidae)	Rhineura floridana	in_progress			Chordata	VGP	VGP	VGP	VGP			
Squamata	Lacertoidea (Teiidae)	Aspidoscelis stictogrammus	in_progress			Chordata	VGP	VGP	VGP	VGP			
Squamata	Scincoidea	Scincella lateralis				Chordata	VGP						
Squamata	Gekkota 	Euleptes europaea	in_progress			Chordata	VGP	VGP	VGP	VGP			
Squamata	Dibamidae	Dibamus novaeguineae				Chordata	VGP						
Rhynchocephalia	Sphenodontidae	Sphenodon punctatus	in_progress			Chordata	VGP	VGP	VGP	VGP			
Anura	Archaeobatrachia > Discoglossoidea > Alytidae	Discoglossus pictus	in_progress			Chordata	VGP	VGP	VGP	VGP			
Anura	Archaeobatrachia > Discoglossoidea > Bombinatoridae	Bombina bombina	in_progress			Chordata	VGP	VGP	VGP	VGP			
Anura	Archaeobatrachia > Discoglossoidea > Rhinophrynidae	Rhinophrynus dorsalis	in_progress			Chordata	VGP	VGP	VGP	VGP			
Anura	Archaeobatrachia > Leiopelmatoidea > Ascaphidae | Leiopelmatidae	Ascaphus truei	in_progress			Chordata	VGP	VGP	VGP	VGP			
Anura	Archaeobatrachia > Pelobatoidea > Megophryidae	Scutiger boulengeri				Chordata	VGP						
Anura	Archaeobatrachia > Pelobatoidea > Pelobatidae	Pelobates cultripes	in_progress			Chordata	VGP	VGP	VGP	VGP			
Anura	Archaeobatrachia > Pelobatoidea > Pelodytidae	Pelodytes punctatus	in_progress			Chordata	VGP	VGP	VGP	VGP			
Anura	Archaeobatrachia > Pelobatoidea > Scaphiopodidae	Spea bombifrons	in_progress			Chordata	VGP	VGP	VGP	VGP			
Anura	Archaeobatrachia > Pipoidea > Pipidae	Xenopus tropicalis	in_progress			Chordata	VGP	VGP	VGP	VGP			
Anura	Neobatrachia > Hyloidea > Eleutherodactylidae	Eleutherodactylus coqui	in_progress			Chordata	VGP	VGP	VGP	VGP			
Anura	Neobatrachia > Afrobatrachia> Hyperoliidae | Brevicipitidae	Hyperolius riggenbachi	in_progress			Chordata	VGP	VGP	VGP	VGP			
Anura	Neobatrachia > Heleophrynidae | Rhinodermatidae	Hadromophryne natalensis	in_progress			Chordata	VGP	VGP	VGP	VGP			
Anura	Neobatrachia > Hyloidea > Bufonidae	Bufo bufo	in_progress	DToL		Chordata	VGP	VGP	VGP	VGP			
Anura	Neobatrachia > Hyloidea > Hylidae | Hemiphractidae	Dendropsophus ebraccatus	in_progress			Chordata	VGP	VGP	VGP	VGP			
Anura	Neobatrachia > Hyloidea > Hylidae | Hemiphractidae	Hyla sarda				Chordata	VGP						
Anura	Neobatrachia > Hyloidea > Leptodactylidae | Centrolenidae	Engystomops pustulosus	in_progress			Chordata	VGP	VGP	VGP	VGP			
Anura	Neobatrachia > Myobatrachidae | Calyptocephalellidae	Pseudophryne corroboree	in_progress			Chordata	VGP	VGP	VGP	VGP			
Anura	Neobatrachia > Ranoidea > Dicroglossidae	Nanorana pleskei				Chordata	VGP						
Anura	Neobatrachia > Ranoidea > Microhylidae	Gastrophryne carolinensis	in_progress			Chordata	VGP	VGP	VGP	VGP			
Anura	Neobatrachia > Ranoidea > Natatanura > Mantellidae | Ceratobatrachidae	Mantella aurantiaca	in_progress	DToL		Chordata	VGP	VGP	VGP	VGP			
Anura	Neobatrachia > Ranoidea > Natatanura > Ranidae | Pyxicephalidae	Rana temporaria	in_progress	DToL		Chordata	VGP	VGP	VGP	VGP			
Anura	Neobatrachia > Sooglossidae | Nasikabatrachidae	Sooglossus thomasseti				Chordata	VGP						
Caudata	Cryptobranchoidea > Hynobidae | Cryptobranchidae	Hynobius chinensis				Chordata	VGP						
Caudata	Plethodontoidea > Plethodontidae	Thorius aureus	in_progress			Chordata	VGP	VGP	VGP	VGP			
Caudata	Proteoidea > Proteidae	Necturus alabamensis				Chordata	VGP						
Caudata	Salamandroidea > Ambystomatidae	Ambystoma mexicanum	in_progress			Chordata	VGP	VGP	VGP	VGP			
Caudata	Salamandroidea > Salamandridae	Salamandra salamandra	in_progress			Chordata	VGP	VGP	VGP	VGP			
Caudata	Sirenoidea > Sirenidae	Siren intermedia	in_progress			Chordata	VGP	VGP	VGP	VGP			
Gymnophiona	Rhinatrematidae	Rhinatrema bivittatum	in_progress	VGP		Chordata	VGP	VGP	VGP	VGP			
Gymnophiona	Teresomata > Caeciliidae | Herpelidae	Microcaecilia unicolor	in_progress	VGP		Chordata	VGP	VGP	VGP	VGP			
Gymnophiona	Teresomata > Dermophiidae | Typhlonectidae	Geotrypetes seraphini	in_progress	VGP		Chordata	VGP	VGP	VGP	VGP			
Actinopterygii (Ray-finned Fishes)	Polypteriformes	Erpetoichthys calabaricus	in_progress	VGP		Chordata	VGP	VGP	VGP	VGP			
Actinopterygii (Ray-finned Fishes)	Acipenseriformes	Acipenser ruthenus	in_progress	VGP		Chordata	VGP	VGP	VGP	VGP			
Actinopterygii (Ray-finned Fishes)	Acipenseriformes	Acipenser ruthenus				Chordata	VGP						
Actinopterygii (Ray-finned Fishes)	Amiiformes	Amia calva				Chordata	VGP						
Actinopterygii (Ray-finned Fishes)	Lepisosteiformes	Lepisosteus oculatus				Chordata	VGP						
Actinopterygii (Ray-finned Fishes)	Elopiformes	Megalops cyprinoides	in_progress	VGP		Chordata	VGP	VGP	VGP	VGP			
Actinopterygii (Ray-finned Fishes)	Albuliformes	Albula vulpes				Chordata	VGP						
Actinopterygii (Ray-finned Fishes)	Notacanthiformes	Notacanthus chemnitzii				Chordata	VGP						
Actinopterygii (Ray-finned Fishes)	Anguilliformes	Anguilla anguilla	in_progress	VGP		Chordata	VGP	VGP	VGP	VGP			
Actinopterygii (Ray-finned Fishes)	Hiodontiformes	Hiodon tergisus				Chordata	VGP						
Actinopterygii (Ray-finned Fishes)	Osteoglossiformes	Scleropages formosus	in_progress	VGP		Chordata	VGP	VGP	VGP	VGP			
Actinopterygii (Ray-finned Fishes)	Clupeiformes	Denticeps clupeoides	in_progress	VGP		Chordata	VGP	VGP	VGP	VGP			
Actinopterygii (Ray-finned Fishes)	Clupeiformes	Alosa sapidissima		VGP		Chordata	VGP						
Actinopterygii (Ray-finned Fishes)	Alepocephaliformes	Xenodermichthys copei				Chordata	VGP						
Actinopterygii (Ray-finned Fishes)	Gonorynchiformes	Chanos chanos	in_progress	VGP		Chordata	VGP	VGP	VGP	VGP			
Actinopterygii (Ray-finned Fishes)	Cypriniformes (Cyprinidae)	Danio rerio	in_progress	VGP		Chordata	VGP	VGP	VGP	VGP			
Actinopterygii (Ray-finned Fishes)	Cypriniformes (Cyprinidae)	Danio rerio		VGP		Chordata	VGP						
Actinopterygii (Ray-finned Fishes)	Cypriniformes (Cyprinidae)	Danio rerio		DToL		Chordata	VGP						
Actinopterygii (Ray-finned Fishes)	Cypriniformes (Nemacheilidae)	Barbatula barbatula		DToL		Chordata	VGP						
Actinopterygii (Ray-finned Fishes)	Cypriniformes (Cyprinidae)	Barbus barbus		DToL		Chordata	VGP						
Actinopterygii (Ray-finned Fishes)	Gymnotiformes	Electrophorus electricus	in_progress	VGP		Chordata	VGP	VGP	VGP	VGP			
Actinopterygii (Ray-finned Fishes)	Characiformes	Pygocentrus nattereri	in_progress	VGP		Chordata	VGP	VGP	VGP	VGP			
Actinopterygii (Ray-finned Fishes)	Siluriformes (Siluridae)	Silurus aristotelis	in_progress	ERGA		Chordata	VGP	VGP	VGP	VGP			
Actinopterygii (Ray-finned Fishes)	Siluriformes (Ariidae)	Pangasianodon hypophthalmus				Chordata	VGP						
Actinopterygii (Ray-finned Fishes)	Siluriformes (Ariidae)	Neoarius graeffei				Chordata	VGP						
Actinopterygii (Ray-finned Fishes)	Lepidogalaxiiformes	Lepidogalaxias salamandroides				Chordata	VGP						
Actinopterygii (Ray-finned Fishes)	Argentiniformes	Nansenia antarctica	in_progress			Chordata	VGP	VGP	VGP	VGP			
Actinopterygii (Ray-finned Fishes)	Galaxiiformes	Aplochiton taeniatus	in_progress			Chordata	VGP	VGP	VGP	VGP			
Actinopterygii (Ray-finned Fishes)	Esociformes	Esox lucius	in_progress	VGP		Chordata	VGP	VGP	VGP	VGP			
Actinopterygii (Ray-finned Fishes)	Salmoniformes	Salmo trutta	in_progress	Sanger 25G		Chordata	VGP	VGP	VGP	VGP			
Actinopterygii (Ray-finned Fishes)	Osmeriformes	Osmerus mordax	in_progress			Chordata	VGP	VGP	VGP	VGP			
Actinopterygii (Ray-finned Fishes)	Stomiatiformes/Stomiiformes	Stomias boa boa	in_progress			Chordata	VGP	VGP	VGP	VGP			
Actinopterygii (Ray-finned Fishes)	Ateleopodiformes	Guentherus altivelis				Chordata	VGP						
Actinopterygii (Ray-finned Fishes)	Aulopiformes	Notolepis coatsi	in_progress			Chordata	VGP	VGP	VGP	VGP			
Actinopterygii (Ray-finned Fishes)	Myctophiformes	Electrona antarctica	in_progress			Chordata	VGP	VGP	VGP	VGP			
Actinopterygii (Ray-finned Fishes)	Lampridiformes	Lampris guttatus				Chordata	VGP						
Actinopterygii (Ray-finned Fishes)	Percopsiformes	Speoplatyrhinus poulsoni				Chordata	VGP						
Actinopterygii (Ray-finned Fishes)	Zeiformes	Zeus faber	in_progress			Chordata	VGP	VGP	VGP	VGP			
Actinopterygii (Ray-finned Fishes)	Stylephoriformes	Stylephorus chordatus				Chordata	VGP						
Actinopterygii (Ray-finned Fishes)	Gadiformes	Gadus morhua	in_progress	VGP		Chordata	VGP	VGP	VGP	VGP			
Actinopterygii (Ray-finned Fishes)	Polymixiiformes	Polymixia lowei				Chordata	VGP						
Actinopterygii (Ray-finned Fishes)	Beryciformes	Poromitra crassiceps	in_progress			Chordata	VGP	VGP	VGP	VGP			
Actinopterygii (Ray-finned Fishes)	Holocentriformes	Myripristis murdjan	in_progress	VGP		Chordata	VGP	VGP	VGP	VGP			
Actinopterygii (Ray-finned Fishes)	Ophidiiformes	Opidion barbatum				Chordata	VGP						
Actinopterygii (Ray-finned Fishes)	Batrachoidiformes	Thalassophryne amazonica	in_progress	VGP		Chordata	VGP	VGP	VGP	VGP			
Actinopterygii (Ray-finned Fishes)	Gobiiformes	Periophthalmodon magnuspinnatus	in_progress	VGP		Chordata	VGP	VGP	VGP	VGP			
Actinopterygii (Ray-finned Fishes)	Syngnathiformes	Syngnathus acus	in_progress	VGP		Chordata	VGP	VGP	VGP	VGP			
Actinopterygii (Ray-finned Fishes)	Scombriformes (Scombridae)	Thunnus maccoyii	in_progress	DToL		Chordata	VGP	VGP	VGP	VGP			
Actinopterygii (Ray-finned Fishes)	Scombriformes (Scombridae)	Thunnus albacares		DToL		Chordata	VGP						
Actinopterygii (Ray-finned Fishes)	Scombriformes (Scombridae)	Scomber japonicus				Chordata	VGP						
Actinopterygii (Ray-finned Fishes)	Synbranchiformes	Mastacembelus armatus	in_progress	VGP		Chordata	VGP	VGP	VGP	VGP			
Actinopterygii (Ray-finned Fishes)	Anabantiformes (Anabantidae)	Anabas testudineus	in_progress			Chordata	VGP	VGP	VGP	VGP			
Actinopterygii (Ray-finned Fishes)	Anabantiformes (Osphronemidae)	Betta splendens		VGP		Chordata	VGP						
Actinopterygii (Ray-finned Fishes)	Anabantiformes (Osphronemidae)	Telmatherina bonti		DToL		Chordata	VGP						
Actinopterygii (Ray-finned Fishes)	incertae sedis in Carangimorphariae	Toxotes jaculatrix	in_progress			Chordata	VGP	VGP	VGP	VGP			
Actinopterygii (Ray-finned Fishes)	Pleuronectiformes (Pleuronectidae)	Hippoglossus hippoglossus	in_progress	VGP		Chordata	VGP	VGP	VGP	VGP			
Actinopterygii (Ray-finned Fishes)	Pleuronectiformes (Pleuronectidae)	Pleuronectes platessa		DToL		Chordata	VGP						
Actinopterygii (Ray-finned Fishes)	Istiophoriformes	Xiphias gladius	in_progress			Chordata	VGP	VGP	VGP	VGP			
Actinopterygii (Ray-finned Fishes)	Carangiformes (Echeneidae)	Echeneis naucrates	in_progress	VGP		Chordata	VGP	VGP	VGP	VGP			
Actinopterygii (Ray-finned Fishes)	Carangiformes (Carangidae)	Trachurus trachurus		DToL		Chordata	VGP						
Actinopterygii (Ray-finned Fishes)	incertae sedis in Ovalentaria	Parambassis ranga	in_progress	VGP		Chordata	VGP	VGP	VGP	VGP			
Actinopterygii (Ray-finned Fishes)	Cichliformes (Cichlidae)	Archocentrus centrarchus	in_progress	VGP		Chordata	VGP	VGP	VGP	VGP			
Actinopterygii (Ray-finned Fishes)	Cichliformes (Cichllidae)	Astatotilapia calliptera		VGP		Chordata	VGP						
Actinopterygii (Ray-finned Fishes)	insertae sedis in Eupercaria	Scatophagus argus	in_progress	VGP		Chordata	VGP	VGP	VGP	VGP			
Actinopterygii (Ray-finned Fishes)	Cyprinodontiformes (Anablepidae)	Anableps anableps	in_progress	VGP		Chordata	VGP	VGP	VGP	VGP			
Actinopterygii (Ray-finned Fishes)	Cyprinodontiformes (Goodeidae)	Girardinichthys multiradiatus				Chordata	VGP						
Actinopterygii (Ray-finned Fishes)	Mugiliformes	Chelon labrosus	in_progress			Chordata	VGP	VGP	VGP	VGP			
Actinopterygii (Ray-finned Fishes)	Atheriniformes (Melanotaeniidae)	Melanotaenia boesemani	in_progress	VGP		Chordata	VGP	VGP	VGP	VGP			
Actinopterygii (Ray-finned Fishes)	Atheriniformes (Atherinopsidae)	Odontesthes bonariensis				Chordata	VGP						
Actinopterygii (Ray-finned Fishes)	Beloniformes	Xenentodon cancila	in_progress	VGP		Chordata	VGP	VGP	VGP	VGP			
Actinopterygii (Ray-finned Fishes)	Pholidichthyiformes	Pholidichthys leucotaenia	in_progress			Chordata	VGP	VGP	VGP	VGP			
Actinopterygii (Ray-finned Fishes)	Uranoscopiformes	Hyperoplus lanceolatus	in_progress			Chordata	VGP	VGP	VGP	VGP			
Actinopterygii (Ray-finned Fishes)	Blenniiformes	Salarias fasciatus	in_progress	VGP		Chordata	VGP	VGP	VGP	VGP			
Actinopterygii (Ray-finned Fishes)	Trachichthyiformes	Anoplogaster cornuta	in_progress			Chordata	VGP	VGP	VGP	VGP			
Actinopterygii (Ray-finned Fishes)	Centrarchiformes	Micropterus salmoides	in_progress			Chordata	VGP	VGP	VGP	VGP			
Actinopterygii (Ray-finned Fishes)	Labriformes sensu stricto	Notolabrus celidotus	in_progress	VGP		Chordata	VGP	VGP	VGP	VGP			
Actinopterygii (Ray-finned Fishes)	Labriformes sensu stricto	Tautogolabrus adspersus		VGP		Chordata	VGP						
Actinopterygii (Ray-finned Fishes)	Ephippiformes	Drepane punctata				Chordata	VGP						
Actinopterygii (Ray-finned Fishes)	Perciformes (Bovichtidae)	Cottoperca gobio	in_progress	VGP		Chordata	VGP	VGP	VGP	VGP			
Actinopterygii (Ray-finned Fishes)	Perciformes (Sparidae)	Acanthopagrus latus		VGP		Chordata	VGP						
Actinopterygii (Ray-finned Fishes)	Perciformes (Pholidae)	Pholis gunnellus		DToL		Chordata	VGP						
Actinopterygii (Ray-finned Fishes)	Perciformes (Zoarcidae)	Lycodopsis pacificus				Chordata	VGP						
Actinopterygii (Ray-finned Fishes)	Chaetodontiformes	Chelmon rostratus	in_progress	VGP		Chordata	VGP	VGP	VGP	VGP			
Actinopterygii (Ray-finned Fishes)	Lobotiformes	Pacificus surinamensis				Chordata	VGP						
Actinopterygii (Ray-finned Fishes)	Acanthuriformes	Luvarus imperialis				Chordata	VGP						
Actinopterygii (Ray-finned Fishes)	Spariformes	Sparus aurata	in_progress	VGP		Chordata	VGP	VGP	VGP	VGP			
Actinopterygii (Ray-finned Fishes)	Lophiiformes	Antennarius maculatus	in_progress	VGP		Chordata	VGP	VGP	VGP	VGP			
Actinopterygii (Ray-finned Fishes)	Tetraodontiformes	Takifugu rubripes	in_progress	VGP		Chordata	VGP	VGP	VGP	VGP			
Actinopterygii (Ray-finned Fishes)	Pempheriformes	Pempheris oualensis	in_progress			Chordata	VGP	VGP	VGP	VGP			
Actinopterygii (Ray-finned Fishes)	Kurtiformes	Sphaeramia orbicularis	in_progress	VGP		Chordata	VGP	VGP	VGP	VGP			
Actinopterygii (Ray-finned Fishes)	Gobiesociformes	Gouania willdenowi	in_progress	VGP		Chordata	VGP	VGP	VGP	VGP			
Actinopterygii (Ray-finned Fishes)	Trachiniformes	Echiichthys vipera	in_progress			Chordata	VGP	VGP	VGP	VGP			
Actinopterygii (Ray-finned Fishes)	Scorpaeniformes (Cyclopteridae)	Cyclopterus lumpus	in_progress	VGP		Chordata	VGP	VGP	VGP	VGP			
Actinopterygii (Ray-finned Fishes)	Scorpaeniformes (Sebastidae)	Sebastes umbosus	in_progress	VGP		Chordata	VGP	VGP	VGP	VGP			
Actinopterygii (Ray-finned Fishes)	Scorpaeniformes (Cottidae)	Taurulus bubalis		DToL		Chordata	VGP						
Chondrichthyes (Cartilaginous Fishes)	Chimaeriformes	Callorhinchus milii				Chordata	VGP						
Chondrichthyes (Cartilaginous Fishes)	Heterodontiformes	Heterodontus francisci	in_progress			Chordata	VGP	VGP	VGP	VGP			
Chondrichthyes (Cartilaginous Fishes)	Orectolobiformes	Hemiscyllium ocellatum	in_progress			Chordata	VGP	VGP	VGP	VGP			
		Hemiscyllium ocellatum				Chordata	VGP						
Chondrichthyes (Cartilaginous Fishes)	Lamniformes	Carcharodon carcharias	in_progress	VGP		Chordata	VGP	VGP	VGP	VGP			
Chondrichthyes (Cartilaginous Fishes)	Carcharhiniformes	Scyliorhinus canicula	in_progress	Sanger 25G		Chordata	VGP	VGP	VGP	VGP			
Chondrichthyes (Cartilaginous Fishes)	Hexanchiformes	Chlamydoselachus anguineus	in_progress			Chordata	VGP	VGP	VGP	VGP			
Chondrichthyes (Cartilaginous Fishes)	Squaliformes	Squalus acanthias	in_progress			Chordata	VGP	VGP	VGP	VGP			
Chondrichthyes (Cartilaginous Fishes)	Echinorhiniformes	Echinorhinus cookei 				Chordata	VGP						
Chondrichthyes (Cartilaginous Fishes)	Squatiniformes	Squatina dumeril				Chordata	VGP						
Chondrichthyes (Cartilaginous Fishes)	Pristiophoriformes	Pristiophorus nudipinnis				Chordata	VGP						
Chondrichthyes (Cartilaginous Fishes)	Torpediniformes	Torpedo marmorata	in_progress			Chordata	VGP	VGP	VGP	VGP			
Chondrichthyes (Cartilaginous Fishes)	Rajiformes	Amblyraja radiata	in_progress			Chordata	VGP	VGP	VGP	VGP			
Chondrichthyes (Cartilaginous Fishes)	Pristiformes	Pristis pectinata	in_progress			Chordata	VGP	VGP	VGP	VGP			
Chondrichthyes (Cartilaginous Fishes)	Myliobatiformes (Dasyatidae)	Hypanus sabinus	in_progress			Chordata	VGP	VGP	VGP	VGP			
Chondrichthyes (Cartilaginous Fishes)	Myctophiformes (Potamotrygonidae)	Potamotrygon marinae				Chordata	VGP						
Chondrichthyes (Cartilaginous Fishes)	Myliobatiformes (Mobulidae)	Manta giorna				Chordata	VGP						
Sarcopterygii (Lobe-finned fishes)	Coelacanthiformes (Latimeriidae)	Latimeria chalumnae				Chordata	VGP						
Sarcopterygii (Lobe-finned fishes)	Ceratodontiformes (Lepidosirenidae)	Protopterus dolloi	in_progress			Chordata	VGP	VGP	VGP	VGP			
Agnatha (Jawless Fishes)	Myxiniformes	Myxine glutinosa	in_progress			Chordata	VGP	VGP	VGP	VGP			
Agnatha (Jawless Fishes)	Petromyzontiformes	Petromyzon marinus	in_progress			Chordata	VGP	VGP	VGP	VGP			
Deuterostomes	Amphioxiformes	Branchiostoma belcheri	in_progress			Chordata	VGP	VGP	VGP	VGP			
Deuterostomes	Forcipulatida	Asterias rubens	in_progress			Chordata	VGP	VGP	VGP	VGP			
Deuterostomes	Enteropneusta	Saccoglossus kowalewski	in_progress			Chordata	VGP	VGP	VGP	VGP			
Tunicata	Enterogona	Ciona intestinalis	in_progress			Chordata	VGP	VGP	VGP	VGP			
