	gen	sp	fam	family_representative	long_list	other_priority
11	Silobia	rufescens	Acarosporaceae		DTOL	
12	Trimmatothelopsis	smaragdula	Acarosporaceae		DTOL	
34	Acrocephalus	schoenobaenus	Acrocephalidae	DTOL	DTOL	
35	Acrocephalus	scirpaceus	Acrocephalidae	DTOL	DTOL	
95	Leucogaster	liosporus	Albatrellaceae	DTOL	DTOL	
96	Leucogaster	nudus	Albatrellaceae	DTOL	DTOL	
145	Allantion	tachyploon	Allapsidae	DTOL	DTOL	
173	Salicornia	disarticulata	Amaranthaceae		DTOL	
196	Comatricha	nigra	Amaurochaetidae		DTOL	
197	Enerthenema	papillatum	Amaurochaetidae	DTOL	DTOL	
198	Stemonitopsis	typhina	Amaurochaetidae	DTOL	DTOL	
229	Serpoleskea	confervoides	Amblystegiaceae		DTOL	
237	Anguillospora	rosea	Amniculicolaceae		DTOL	
246	Amphidium	lapponicum	Amphidiaceae	DTOL	DTOL	
247	Amphidium	mougeotii	Amphidiaceae	DTOL	DTOL	
253	Ceratosporium	fuscescens	Amphisphaeriaceae		DTOL	
347	Amphorula	sachalinensis	Annulatascaceae		DTOL	
349	Rhamphoria	pyriformis	Annulatascaceae		DTOL	
372	Antitrichia	curtipendula	Antitrichiaceae	DTOL	DTOL	
381	Steinia	geophana	Aphanopsidaceae	DTOL	DTOL	
444	Trocdaris	verticillata	Apiaceae		DTOL	
601	Astata	boops	Astatidae	DTOL	DTOL	
610	Artemisia	campestris	Asteraceae		DTOL	
614	Aster	lanceolatus	Asteraceae		DTOL	
641	Filago	germanica	Asteraceae		DTOL	
727	Atractophora	hypnoides	Atractophoraceae	DTOL	DTOL	
804	Nysson	spinosus	Bembicidae	DTOL	DTOL	
832	Clavochytridium	anabaenae	Blastocladiaceae		DTOL	
833	Clavochytridium	britannicum	Blastocladiaceae		DTOL	
835	Clavochytridium	emersonii	Blastocladiaceae	DTOL	DTOL	
856	Lentomitella	cirrhosa	Boliniaceae	DTOL	DTOL	
887	Borboropsis	puberula	Borboropsidae	DTOL	DTOL	
1103	Aldisa	zetlandica	Cadlinidae	DTOL	DTOL	
1104	Cadlina	laevis	Cadlinidae	DTOL	DTOL	
1111	Calcarius	lapponicus	Calcariidae	DTOL	DTOL	
1112	Plectrophenax	nivalis	Calcariidae	DTOL	DTOL	
1137	Micropodia	pteridina	Calloriaceae	DTOL	DTOL	
1151	Diaphorodoris	luteocincta	Calycidorididae	DTOL	DTOL	
1197	Tripospermum	myrti	Capnodiaceae		DTOL	
1213	Carteria	incisa	Carteriaceae	DTOL	DTOL	
1241	Sabulina	stricta	Caryophyllaceae		DTOL	
1269	Stellaria	aquatica	Caryophyllaceae		DTOL	
1385	Ceratosphaeria	lampadophora	Ceratosphaeriaceae	DTOL	DTOL	
1392	Agitata	tremulans	Cercomonadidae		DTOL	DTOL
1474	Diurnea	fagella	Chimabachidae	DTOL	DTOL	
1482	Neossos	nidicola	Chiropteromyzidae	DTOL	DTOL	
1590	Ramaria	abietina	Clavariaceae		DTOL	
1591	Ramaria	flaccida	Clavariaceae		DTOL	
1616	Clypeosphaeria	mamillana	Clypeosphaeriaceae		DTOL	
1617	Apiorhynchostoma	curreyi	Clypeosphaeriaceae	DTOL	DTOL	
1627	Semisalsa	stagnorum	Cochliopidae	DTOL	DTOL	
1648	Colpoda	steinii	Colepidae	DTOL	DTOL	
1689	Conocephalus	fuscus	Conocephalidae	DTOL	DTOL	
1700	Cordana	boothii	Cordanaceae		DTOL	
1701	Cordana	crassa	Cordanaceae		DTOL	
1705	Phaeangella	ventosa	Cordieritidaceae	DTOL	DTOL	
1708	Cordyceps	capitata	Cordycipitaceae		DTOL	
1751	Coscinodiscus	radiatus	Coscinodiscacaeae	DTOL	DTOL	
1752	Coscinodiscus	granii	Coscinodiscacaeae	DTOL	DTOL	
1764	Rhodolia	rosea	Crassulaceae		DTOL	
1798	Cryptochetum	iceryae	Cryptochetidae	DTOL	DTOL	
1903	Carex	simpliciusulca	Cyperaceae		DTOL	
2051	Cosmarium	blytii	Desmidiaceae		DTOL	DTOL
2055	Developayella	elegans	Developea	DTOL	DTOL	
2061	Dictydiaethalium	plumbeum	Dianematidae		DTOL	
2101	Dicranella	cerviculata	Dicranellaceae		DTOL	
2102	Dicranella	crispa	Dicranellaceae		DTOL	
2103	Dicranella	grevilleana	Dicranellaceae		DTOL	
2104	Dicranella	howei	Dicranellaceae		DTOL	
2105	Dicranella	rufescens	Dicranellaceae		DTOL	
2106	Dicranella	schreberiana	Dicranellaceae		DTOL	
2107	Dicranella	staphylina	Dicranellaceae		DTOL	
2108	Dicranella	varia	Dicranellaceae		DTOL	
2109	Dicranella	heteromalla	Dicranellaceae	DTOL	DTOL	
2110	Dicranella	subulata	Dicranellaceae	DTOL	DTOL	
2169	Astraeus	hygrometricus	Diplocystidiaceae	DTOL	DTOL	
2202	Distichium	inclinatum	Distichiaceae		DTOL	
2203	Distichium	capillaceum	Distichiaceae	DTOL	DTOL	
2217	Pseudephemerum	nitidum	Ditrichaceae		DTOL	
2226	Doassansiopsis	hydrophila	Doassansiopsidaceae	DTOL	DTOL	
2238	Scirrhia	aspidiorum	Dothideaceae		DTOL	
2256	Spilopodia	melanogramma	Drepanopezizaceae		DTOL	
2261	Drilus	flavescens	Drilidae	DTOL	DTOL	
2269	Dryophthorus	corticalis	Dryophthoridae	DTOL	DTOL	
2299	Echinostelium	corynophorum	Echinostelidae		DTOL	
2301	Echinostelium	minutum	Echinostelidae	DTOL	DTOL	
2321	Eledone	cirrhosa	Eledonidae	DTOL	DTOL	
2333	Emberiza	cirlus	Emberizidae		DTOL	
2334	Emberiza	schoeniclus	Emberizidae		DTOL	
2335	Emberiza	calandra	Emberizidae	DTOL	DTOL	
2336	Emberiza	citrinella	Emberizidae	DTOL	DTOL	
2357	Endogemma	caespiticia	Endogemmaceae	DTOL	DTOL	
2421	Alucita	hexadactyla	Erebidae	DTOL	DTOL	
2467	Ethmia	dodecea	Ethmiidae	DTOL	DTOL	
2476	Euglena	anabaena var. minor	Euglenaceae		DTOL	DTOL
2502	Odentella	mobiliensis	Eupodiscaceae	DTOL	DTOL	
2503	Odentella	sinensis	Eupodiscaceae	DTOL	DTOL	
2521	Ervilia	sylvatica	Fabaceae		DTOL	
2607	Fenestella	fenestrata	Fenestellaceae		DTOL	
2618	Syzygospora	mycophaga	Filobasidiaceae		DTOL	
2619	Syzygospora	tumefaciens	Filobasidiaceae		DTOL	
2621	Syzygospora	pallida	Filobasidiaceae	DTOL	DTOL	
2726	Zanardinia	typus	Galaxauraceae	DTOL	DTOL	
2733	Gayralia	oxysperma	Gayraliaceae	DTOL	DTOL	
2778	Erodium	aethiopicum	Geraniaceae		DTOL	
2852	Gomphidius	maculatus	Gomphidiaceae		DTOL	
2858	Jamesiella	anastomosans	Gomphillaceae		DTOL	
2861	Gyalidea	lecideopsis	Gomphillaceae	DTOL	DTOL	
2876	Alexandrium	tamutum	Gonyaulaceae	DTOL	DTOL	
2880	Urceolaria	tenuicorticata	Graphidaceae		DTOL	
2881	Urceolaria	scotica	Graphidaceae		DTOL	
2886	Opegrapha	vulgata	Graphidaceae		DTOL	
2891	Nummularia	gigas	Graphostromataceae		DTOL	
2974	Gyalecta	flotovii	Gyalectaceae	DTOL	DTOL	
2981	Amphidinium	carterae	Gymnodiniaceae	DTOL	DTOL	
3050	Haplopoma	graniferum	Haplopomidae	DTOL	DTOL	
3107	Heptamelus	ochroleucus	Heptamelidae	DTOL	DTOL	
3125	Racodium	rupestre	Herpotrichiellaceae	DTOL	DTOL	
3136	Heterocaps	triquetra	Heterocasaceae	DTOL	DTOL	
3139	Heterocladiella	dimorpha	Heterocladiellaceae	DTOL	DTOL	
3196	Subulicystidium	longisporum	Hydnodontaceae		DTOL	
3223	Hygrobiella	laxifolia	Hygrobiellaceae	DTOL	DTOL	
3319	Panaeolina	foenisecii	Incertae sedis		DTOL	
3320	Panaeolus	acuminatus	Incertae sedis		DTOL	
3321	Panaeolus	fimicola	Incertae sedis		DTOL	
3322	Panaeolus	papilionaceus	Incertae sedis		DTOL	
3323	Panaeolus	semiovatus	Incertae sedis		DTOL	
3331	Stypella	subhyalina	Incertae sedis		DTOL	
3332	Mollisiopsis	dennisii	Incertae sedis		DTOL	
3335	Acremonium	strictum	Incertae sedis		DTOL	
3338	Ilyonectria	destructans	Incertae sedis		DTOL	
3342	Bispora	antennata	Incertae sedis		DTOL	
3346	Camposporium	pellucidum	Incertae sedis		DTOL	
3347	Candelabrum	spinulosum	Incertae sedis		DTOL	
3355	Cladoniicola	staurospora	Incertae sedis		DTOL	
3356	Cornutispora	lichenicola	Incertae sedis		DTOL	
3357	Cornutispora	triangularis	Incertae sedis		DTOL	
3364	Endococcus	alpestris	Incertae sedis		DTOL	
3371	Everniicola	flexispora	Incertae sedis		DTOL	
3372	Flabellospora	acuminata	Incertae sedis		DTOL	
3374	Hawksworthiana	peltigericola	Incertae sedis		DTOL	
3377	Hymenobia	aporea	Incertae sedis		DTOL	
3378	Intralichen	christiansenii	Incertae sedis		DTOL	
3379	Intralichen	lichenum	Incertae sedis		DTOL	
3380	Lauderlindsaya	borreri	Incertae sedis		DTOL	
3381	Leightoniomyces	phillipsii	Incertae sedis		DTOL	
3383	Libertiella	malmedyensis	Incertae sedis		DTOL	
3384	Lichenodiplis	lecanorae	Incertae sedis		DTOL	
3387	Lichenopuccinia	poeltii	Incertae sedis		DTOL	
3392	Minutoexcipula	tephromelae	Incertae sedis		DTOL	
3393	Minutophoma	chrysophthalmae	Incertae sedis		DTOL	
3397	Nigromacula	uniseptata	Incertae sedis		DTOL	
3398	Petractis	clausa	Incertae sedis		DTOL	
3405	Refractohilum	achromaticum	Incertae sedis		DTOL	
3406	Refractohilum	galligenum	Incertae sedis		DTOL	
3408	Seifertia	azaleae	Incertae sedis		DTOL	
3410	Taeniolina	scripta	Incertae sedis		DTOL	
3411	Thyronectria	sinopica	Incertae sedis		DTOL	
3413	Vouauxiella	lichenicola	Incertae sedis		DTOL	
3414	Vouauxiella	verrucosa	Incertae sedis		DTOL	
3416	Wadeana	dendrographa	Incertae sedis		DTOL	
3417	Wadeana	minuta	Incertae sedis		DTOL	
3418	Xanthoriicola	physciae	Incertae sedis		DTOL	
3420	Thermomyces	lanuginosus	Incertae sedis		DTOL	
3422	Beverwykella	pulmonaria	Incertae sedis		DTOL	
3423	Zymoseptoria	passerinii	Incertae sedis		DTOL	
3424	Candida	parapsilosis	Incertae sedis		DTOL	
3425	Candida	albicans	Incertae sedis		DTOL	
3426	Thermomyces	thermophilus	Incertae sedis		DTOL	
3427	Khuskia	oryzae	Incertae sedis		DTOL	
3429	Candida	tropicalis	Incertae sedis		DTOL	
3432	Baudoinia	compniacensis	Incertae sedis		DTOL	
3436	Pyrenochaeta	ilicis	Incertae sedis		DTOL	
3437	Spondylocladiopsis	cupulicola	Incertae sedis		DTOL	
3439	Alatospora	pulchella	Incertae sedis		DTOL	
3443	Gloeohypochnicium	analogum	Incertae sedis		DTOL	
3444	Sarcopodium	circinatum	Incertae sedis		DTOL	
3446	Camposporium	cambrense	Incertae sedis		DTOL	
3448	Haplariopsis	fagicola	Incertae sedis		DTOL	
3451	Neottiospora	caricina	Incertae sedis		DTOL	
3453	Phragmocephala	atra	Incertae sedis		DTOL	
3454	Thyronectria	aquifolii	Incertae sedis		DTOL	
3456	Tricladiopsis	foliosa	Incertae sedis		DTOL	
3457	Taeniolina	centaurii	Incertae sedis		DTOL	
3458	Thyronectria	cucurbitula	Incertae sedis		DTOL	
3461	Melomastia	mastoidea	Incertae sedis		DTOL	
3462	Hysterographium	fraxini	Incertae sedis		DTOL	
3463	Microdiscula	phragmitis	Incertae sedis		DTOL	
3469	Otthia	spiraeae	Incertae sedis		DTOL	
3471	Plagiosphaera	immersa	Incertae sedis		DTOL	
3480	Stachylidium	bicolor	Incertae sedis		DTOL	
3484	Wojnowicia	hirta	Incertae sedis		DTOL	
3487	Neohendersonia	kickxii	Incertae sedis		DTOL	
3489	Immersiella	caudata	Incertae sedis		DTOL	
3493	Minimelanolocus	rousselianus	Incertae sedis		DTOL	
3494	Sympodiocladium	frondosum	Incertae sedis		DTOL	
3496	Camposporium	antennatum	Incertae sedis		DTOL	
3498	Phragmonaevia	hysterioides	Incertae sedis		DTOL	
3499	Kionocephala	catenulata	Incertae sedis		DTOL	
3502	Belemnospora	epiphylla	Incertae sedis		DTOL	
3509	Bispora	betulina	Incertae sedis		DTOL	
3511	Sphaeridium	candidulum	Incertae sedis		DTOL	
3512	Psammina	bommeriae	Incertae sedis		DTOL	
3515	Phlebiella	fibrillosa	Incertae sedis		DTOL	
3519	Pseudocenangium	succineum	Incertae sedis		DTOL	
3520	Zygosporium	gibbum	Incertae sedis		DTOL	
3522	Sympodiella	acicola	Incertae sedis		DTOL	
3523	Scorpiosporium	minutum	Incertae sedis		DTOL	
3524	Imimyces	densus	Incertae sedis		DTOL	
3525	Dactylosporium	macropus	Incertae sedis		DTOL	
3527	Tricellula	aquatica	Incertae sedis		DTOL	
3530	Ectostroma	iridis	Incertae sedis		DTOL	
3531	Exosporiella	fungorum	Incertae sedis		DTOL	
3534	Spermospora	lolii	Incertae sedis		DTOL	
3535	Zygodesmus	fuscus	Incertae sedis		DTOL	
3537	Monodictys	lepraria	Incertae sedis		DTOL	
3538	Thyronectria	coryli	Incertae sedis		DTOL	
3543	Fujimyces	oodes	Incertae sedis		DTOL	
3544	Fumago	vagans	Incertae sedis		DTOL	
3548	Septonema	secedens	Incertae sedis		DTOL	
3554	Zygosporium	echinosporum	Incertae sedis		DTOL	
3555	Pirostoma	viridisporum	Incertae sedis		DTOL	
3557	Willkommlangea	reticulata	Incertae sedis		DTOL	
3558	Tricellula	aurantiaca	Incertae sedis		DTOL	
3559	Zakatoshia	erikssonii	Incertae sedis		DTOL	
3560	Neophoma	graminella	Incertae sedis		DTOL	
3563	Septotrullula	bacilligera	Incertae sedis		DTOL	
3567	Mycogloea	macrospora	Incertae sedis		DTOL	
3572	Myxosporium	roumeguerei	Incertae sedis		DTOL	
3573	Splanchospora	ampullacea	Incertae sedis		DTOL	
3574	Pleurophoma	pleurospora	Incertae sedis		DTOL	
3576	Anthina	flammea	Incertae sedis		DTOL	
3577	Hapalosphaeria	deformans	Incertae sedis		DTOL	
3580	Lobatopedis	foliicola	Incertae sedis		DTOL	
3582	Caducirostrum	foliicola	Incertae sedis		DTOL	
3585	Diachea	subsessilis	Incertae sedis		DTOL	
3590	Odonticium	romellii	Incertae sedis		DTOL	
3591	Nigrospora	sphaerica	Incertae sedis		DTOL	
3592	Phlebiella	christiansenii	Incertae sedis		DTOL	
3597	Arachnophora	fagicola	Incertae sedis		DTOL	
3598	Henicospora	minor	Incertae sedis		DTOL	
3605	Acrodontium	hydnicola	Incertae sedis		DTOL	
3606	Schroeteria	delastrina	Incertae sedis		DTOL	
3609	Thermomyces	dupontii	Incertae sedis		DTOL	
3610	Lambdasporium	viridense	Incertae sedis		DTOL	
3611	Ityorhoptrum	verruculosum	Incertae sedis		DTOL	
3613	Melanocarpus	albomyces	Incertae sedis		DTOL	
3615	Bactrodesmiella	masonii	Incertae sedis		DTOL	
3618	Sterigmatobotrys	macrocarpus	Incertae sedis		DTOL	
3619	Paradendryphiopsis	cambrensis	Incertae sedis		DTOL	
3628	Alnecium	auctum	Incertae sedis		DTOL	
3633	Leptoderma	iridescens	Incertae sedis		DTOL	
3634	Zygosporium	oscheoides	Incertae sedis		DTOL	
3637	Stilbospora	macrosperma	Incertae sedis		DTOL	
3639	Alatospora	acuminata	Incertae sedis		DTOL	
3645	Alatospora	flagellata	Incertae sedis		DTOL	
3646	Trichurus	spiralis	Incertae sedis		DTOL	
3648	Barbatosphaeria	dryina	Incertae sedis		DTOL	
3649	Thermomyces	stellatus	Incertae sedis		DTOL	
3653	Phragmocephala	stemphylioides	Incertae sedis		DTOL	
3656	Monotosporella	tuberculata	Incertae sedis		DTOL	
3658	Excipularia	fusispora	Incertae sedis		DTOL	
3660	Pterygosporopsis	rhododendri	Incertae sedis		DTOL	
3665	Stigmatea	ostruthii	Incertae sedis		DTOL	
3666	Sporidesmium	aturbinatum	Incertae sedis		DTOL	
3668	Scolecobasidium	humicola	Incertae sedis		DTOL	
3669	Chalaropsis	ovoidea	Incertae sedis		DTOL	
3670	Chaetoscutula	juniperi	Incertae sedis		DTOL	
3672	Brachydesmiella	biseptata	Incertae sedis		DTOL	
3675	Conioscypha	hoehnelii	Incertae sedis		DTOL	
3677	Pyrenochaeta	nobilis	Incertae sedis		DTOL	
3678	Paradendryphiopsis	laxa	Incertae sedis		DTOL	
3680	Endoconospora	cerastii	Incertae sedis		DTOL	
3681	Endococcus	apicicola	Incertae sedis		DTOL	
3682	Myxosporium	griseum	Incertae sedis		DTOL	
3686	Polycladium	equiseti	Incertae sedis		DTOL	
3688	Thyronectria	berolinensis	Incertae sedis		DTOL	
3689	Scythioria	phlogina	Incertae sedis		DTOL	
3693	Balanium	stygium	Incertae sedis		DTOL	
3695	Didymopsis	helvellae	Incertae sedis		DTOL	
3701	Refractohilum	lichenicola	Incertae sedis		DTOL	
3702	Neoalpakesa	poae	Incertae sedis		DTOL	
3704	Macrodiplodia	ulmi	Incertae sedis		DTOL	
3705	Micropera	spuria	Incertae sedis		DTOL	
3709	Thermomyces	verrucosus	Incertae sedis		DTOL	
3710	Belemnospora	pinicola	Incertae sedis		DTOL	
3713	Zygosporium	mycophilum	Incertae sedis		DTOL	
3715	Veronaea	parvispora	Incertae sedis		DTOL	
3716	Veronaea	botryosa	Incertae sedis		DTOL	
3717	Rhexoampullifera	fagi	Incertae sedis		DTOL	
3718	Pirostoma	circinans	Incertae sedis		DTOL	
3719	Radulidium	subulatum	Incertae sedis		DTOL	
3720	Septonema	hormiscium	Incertae sedis		DTOL	
3721	Septonema	fasciculare	Incertae sedis		DTOL	
3726	Cytoplacosphaeria	rimosa	Incertae sedis		DTOL	
3728	Chlamydomyces	palmarum	Incertae sedis		DTOL	
3729	Allonema	roseum	Incertae sedis		DTOL	
3730	Enantioptera	tetra-alata	Incertae sedis		DTOL	
3733	Hyphopolynema	ellisiorum	Incertae sedis		DTOL	
3734	Chaetendophragmia	britannica	Incertae sedis		DTOL	
3737	Candelabrum	brocchiatum	Incertae sedis		DTOL	
3739	Leptostromella	juncina	Incertae sedis		DTOL	
3740	Ballocephala	verrucispora	Incertae sedis		DTOL	
3744	Tetraposporium	ravenelii	Incertae sedis		DTOL	
3746	Oedocephalum	elegans	Incertae sedis		DTOL	
3747	Rhabdostromina	empetri	Incertae sedis		DTOL	
3750	Porocladium	aquaticum	Incertae sedis		DTOL	
3753	Zygogloea	gemellipara	Incertae sedis		DTOL	
3755	Titaeospora	equiseti	Incertae sedis		DTOL	
3756	Pterygosporopsis	fragilis	Incertae sedis		DTOL	
3758	Perisporium	princeps	Incertae sedis		DTOL	
3768	Stigmatea	polygoni	Incertae sedis		DTOL	
3769	Phragmocephala	glanduliformis	Incertae sedis		DTOL	
3770	Stenocephalopsis	subalutacea	Incertae sedis		DTOL	
3771	Septosporium	bulbotrichum	Incertae sedis		DTOL	
3772	Myxosporium	incarnatum	Incertae sedis		DTOL	
3778	Bispora	fusca	Incertae sedis		DTOL	
3779	Chaetosphaeronema	hispidulum	Incertae sedis		DTOL	
3781	Myxosporium	belludum	Incertae sedis		DTOL	
3782	Myxothyrium	leptideum	Incertae sedis		DTOL	
3787	Zygosporium	minus	Incertae sedis		DTOL	
3788	Sphaeromonas	hurleyensis	Incertae sedis		DTOL	
3789	Sclerotium	durum	Incertae sedis		DTOL	
3790	Roscoepoundia	croceola	Incertae sedis		DTOL	
3791	Pyrenochaeta	unguis-hominis	Incertae sedis		DTOL	
3792	Sirozythiella	sydowiana	Incertae sedis		DTOL	
3795	Scolecobasidium	constrictum	Incertae sedis		DTOL	
3796	Sirodesmium	olivaceum	Incertae sedis		DTOL	
3797	Rhinocladium	pulchrum	Incertae sedis		DTOL	
3801	Xenolachne	longicornis	Incertae sedis		DTOL	
3804	Thyrostromella	myriana	Incertae sedis		DTOL	
3805	Thyronectria	lamyi	Incertae sedis		DTOL	
3807	Magdalaenaea	monogramma	Incertae sedis		DTOL	
3808	Chromosporium	lateritium	Incertae sedis		DTOL	
3810	Fumago	salicina	Incertae sedis		DTOL	
3813	Leptostromella	hysterioides	Incertae sedis		DTOL	
3815	Leptostromella	graminicola	Incertae sedis		DTOL	
3817	Acrophialophora	fusispora	Incertae sedis		DTOL	
3820	Dictyopolyschema	pirozynskii	Incertae sedis		DTOL	
3821	Bryostigma	muscigenum	Incertae sedis		DTOL	
3823	Microperella	quercus	Incertae sedis		DTOL	
3824	Blennoria	buxi	Incertae sedis		DTOL	
3827	Botryosporium	madrasense	Incertae sedis		DTOL	
3829	Cephaliophora	tropica	Incertae sedis		DTOL	
3830	Hyphosoma	piceae	Incertae sedis		DTOL	
3835	Micropera	cotoneastri	Incertae sedis		DTOL	
3836	Catenuloxyphium	semiovatum	Incertae sedis		DTOL	
3837	Septoriella	phragmitis	Incertae sedis		DTOL	
3839	Stigmatea	sylvatica	Incertae sedis		DTOL	
3841	Xepiculopsis	graminea	Incertae sedis		DTOL	
3843	Cornucopiella	mirabilis	Incertae sedis		DTOL	
3844	Hymenula	rubella	Incertae sedis		DTOL	
3845	Foveostroma	drupacearum	Incertae sedis		DTOL	
3846	Lentescospora	submarina	Incertae sedis		DTOL	
3854	Phragmonaevia	caulincola	Incertae sedis		DTOL	
3861	Sporidesmium	australiense	Incertae sedis		DTOL	
3866	Nematographium	stilboideum	Incertae sedis		DTOL	
3868	Myxosporium	platysporum	Incertae sedis		DTOL	
3869	Myxosporium	rosae	Incertae sedis		DTOL	
3873	Sclerotium	roseum	Incertae sedis		DTOL	
3874	Tridentaria	carnivora	Incertae sedis		DTOL	
3875	Papulaspora	sepedonioides	Incertae sedis		DTOL	
3877	Scolecobasidium	tshawytschae	Incertae sedis		DTOL	
3878	Trullula	olivascens	Incertae sedis		DTOL	
3879	Paradiachea	anglica	Incertae sedis		DTOL	
3880	Pyrenochaeta	cava	Incertae sedis		DTOL	
3881	Trisulcosporium	acerinum	Incertae sedis		DTOL	
3882	Schizothyrella	quercina	Incertae sedis		DTOL	
3883	Peltasterinostroma	rubi	Incertae sedis		DTOL	
3884	Pyrenochaeta	quercina	Incertae sedis		DTOL	
3887	Perisporium	kunzei	Incertae sedis		DTOL	
3888	Diplodiella	brassicae	Incertae sedis		DTOL	
3889	Disculina	betulina	Incertae sedis		DTOL	
3890	Diplodiella	fibricola	Incertae sedis		DTOL	
3891	Discosporina	deplanata	Incertae sedis		DTOL	
3894	Perisporium	arundinis	Incertae sedis		DTOL	
3899	Oncospora	pinastri	Incertae sedis		DTOL	
3902	Imimyces	hollowayensis	Incertae sedis		DTOL	
3905	Leptostromella	septorioides	Incertae sedis		DTOL	
3906	Leptostromella	pteridina	Incertae sedis		DTOL	
3907	Flabellospora	amphibia	Incertae sedis		DTOL	
3909	Macrodiplodia	libertiana	Incertae sedis		DTOL	
3913	Junctospora	pulchra	Incertae sedis		DTOL	
3915	Coniosporium	ilicinum	Incertae sedis		DTOL	
3916	Gloeodes	pomigena	Incertae sedis		DTOL	
3917	Endostilbum	cerasi	Incertae sedis		DTOL	
3918	Domingoella	arctostaphyli	Incertae sedis		DTOL	
3919	Bactrodesmium	longisporum	Incertae sedis		DTOL	
3920	Micropera	sorbi	Incertae sedis		DTOL	
3923	Cleistophoma	dryina	Incertae sedis		DTOL	
3924	Ampulliferina	lauri	Incertae sedis		DTOL	
3925	Micropera	padina	Incertae sedis		DTOL	
3926	Massalongina	aquilina	Incertae sedis		DTOL	
3932	Acrodictyopsis	lauri	Incertae sedis		DTOL	
3933	Avesicladiella	britannica	Incertae sedis		DTOL	
3934	Cacumisporium	scopulae	Incertae sedis		DTOL	
3935	Acrophialophora	levis	Incertae sedis		DTOL	
3936	Hendersoniella	trabicola	Incertae sedis		DTOL	
3937	Hymenula	vulgaris	Incertae sedis		DTOL	
3943	Mystrosporium	adustum	Incertae sedis		DTOL	
3944	Mystrosporium	stemphylium	Incertae sedis		DTOL	
3947	Amallospora	dacrydion	Incertae sedis		DTOL	
3948	Helicofilia	irregularis	Incertae sedis		DTOL	
3954	Frigidispora	colnensis	Incertae sedis		DTOL	
3956	Articulophora	variispora	Incertae sedis		DTOL	
3958	Fermentolunospora	polyblastis	Incertae sedis		DTOL	
3962	Krispiromyces	discoides	Incertae sedis		DTOL	
3966	Barbatosphaeria	barbirostris	Incertae sedis		DTOL	
3967	Dwayabeeja	sundara	Incertae sedis		DTOL	
3968	Miratio	nectrioides	Incertae sedis		DTOL	
3969	Milleromyces	rhyniensis	Incertae sedis		DTOL	
3970	Discosporina	sulphurea	Incertae sedis		DTOL	
3974	Cytosporium	pittospori	Incertae sedis		DTOL	
3975	Dasystictella	sphaerospora	Incertae sedis		DTOL	
3976	Celatogloea	simplicibasidium	Incertae sedis		DTOL	
3977	Capsicumyces	delicatus	Incertae sedis		DTOL	
3979	Dactylosporium	brevipes	Incertae sedis		DTOL	
3980	Botryosporium	pyramidale	Incertae sedis		DTOL	
3981	Dinemasporium	decipiens	Incertae sedis		DTOL	
3982	Microdiscula	rubicola	Incertae sedis		DTOL	
3985	Didymosporium	macrospermum	Incertae sedis		DTOL	
3987	Lyonomyces	pyriformis	Incertae sedis		DTOL	
3988	Coniosporium	bambusae	Incertae sedis		DTOL	
3990	Hypospila	immunda	Incertae sedis		DTOL	
3991	Chlamydomyces	sympodialis	Incertae sedis		DTOL	
3992	Leptostromella	graminis	Incertae sedis		DTOL	
3993	Glomites	rhyniensis	Incertae sedis		DTOL	
3997	Gemmulina	botryosa	Incertae sedis		DTOL	
3998	Aegeritoidea	foliicola	Incertae sedis		DTOL	
3999	Fusoma	biseptatum	Incertae sedis		DTOL	
4001	Fusoma	triseptatum	Incertae sedis		DTOL	
4002	Crustodiplodina	lichenoides	Incertae sedis		DTOL	
4003	Crinigera	maritima	Incertae sedis		DTOL	
4005	Leptodermella	incarnata	Incertae sedis		DTOL	
4006	Cylindrophora	pulvinata	Incertae sedis		DTOL	
4007	Nigrospora	sacchari	Incertae sedis		DTOL	
4008	Rhodesiopsis	gelatinosa	Incertae sedis		DTOL	
4011	Paradiachea	howardii	Incertae sedis		DTOL	
4015	Winfrenatia	reticulata	Incertae sedis		DTOL	
4019	Xepicula	leucotricha	Incertae sedis		DTOL	
4021	Tridentaria	glossopaga	Incertae sedis		DTOL	
4024	Triposporina	aquilina	Incertae sedis		DTOL	
4025	Pellionella	macrospora	Incertae sedis		DTOL	
4038	Rhinocladium	coprogenum	Incertae sedis		DTOL	
4039	Myxosporium	rosarum	Incertae sedis		DTOL	
4040	Retiarius	bovicornutus	Incertae sedis		DTOL	
4041	Oncopodium	antoniae	Incertae sedis		DTOL	
4045	Myxosporium	phaeosporum	Incertae sedis		DTOL	
4046	Myxosporium	lanceola	Incertae sedis		DTOL	
4047	Myxosporium	pubescens	Incertae sedis		DTOL	
4048	Myxosporium	complanatum	Incertae sedis		DTOL	
4049	Tricellula	inaequalis	Incertae sedis		DTOL	
4052	Pseudocytoplacosphaeria	coniicola	Incertae sedis		DTOL	
4058	Sclerotium	rubi	Incertae sedis		DTOL	
4059	Scolicotrichum	stricticum	Incertae sedis		DTOL	
4061	Sclerotium	salicinum	Incertae sedis		DTOL	
4062	Sclerozythia	brassicae	Incertae sedis		DTOL	
4065	Tetranacrium	gramineum	Incertae sedis		DTOL	
4066	Scytinostromella	olivaceoalba	Incertae sedis		DTOL	
4069	Taeniophora	acerina	Incertae sedis		DTOL	
4076	Spermospora	avenae	Incertae sedis		DTOL	
4078	Spicaria	griseola	Incertae sedis		DTOL	
4083	Stigmatea	pelvetiae	Incertae sedis		DTOL	
4087	Trabrooksia	applanata	Incertae sedis		DTOL	
4088	Sirexcipula	kabatiana	Incertae sedis		DTOL	
4092	Petrakia	echinata	Incertae sedis		DTOL	
4097	Periconia	byssoides	Incertae sedis		DTOL	
4098	Periconia	cookei	Incertae sedis		DTOL	
4100	Periconia	minutissima	Incertae sedis		DTOL	
4101	Phlebiella	sulphurea	Incertae sedis		DTOL	
4102	Phlebiella	tulasnelloidea	Incertae sedis		DTOL	
4105	Diachea	leucopoda	Incertae sedis		DTOL	
4106	Baeospora	myosura	Incertae sedis		DTOL	
4107	Clitocybe	fragrans	Incertae sedis		DTOL	
4108	Clitocybe	nebularis	Incertae sedis		DTOL	
4109	Cystoderma	amianthinum	Incertae sedis		DTOL	
4111	Fistulina	hepatica	Incertae sedis		DTOL	
4114	Megacollybia	platyphylla	Incertae sedis		DTOL	
4118	Bartheletia	paradoxa	Incertae sedis		DTOL	
4125	Frigidopyrenia	bryospila	Incertae sedis		DTOL	
4128	Crocicreas	cyathoideum	Incertae sedis		DTOL	
4137	Epicladonia	simplex	Incertae sedis		DTOL	
4138	Syzygites	megalocarpus	Incertae sedis		DTOL	
4139	Sirobasidium	brefeldianum	Incertae sedis		DTOL	
4140	Clitocybe	odora	Incertae sedis		DTOL	
4141	Cystoderma	jasonis	Incertae sedis		DTOL	
4149	Inocybe	rimosa	Inocybaceae		DTOL	
4161	Ismarus	dorsiger	Ismaridae	DTOL	DTOL	
4166	Ruttnera	maritima	Isochrysidaceae	DTOL	DTOL	
4226	Jungermannia	eucordifolia	Jungermanniaceae	DTOL	DTOL	
4233	Hemilepton	nitidum	Kelliidae	DTOL	DTOL	
4322	Collaria	elegans	Lamprodermatidae		DTOL	
4323	Colloderma	oculatum	Lamprodermatidae		DTOL	
4324	Lamproderma	arcyrioides	Lamprodermatidae		DTOL	
4325	Lamproderma	scintillans	Lamprodermatidae		DTOL	
4326	Lamproderma	columbinum	Lamprodermatidae	DTOL	DTOL	
4352	Naemaspora	microspora	Lasiosphaeriaceae		DTOL	
4353	Naemaspora	strobi	Lasiosphaeriaceae		DTOL	
4363	Zwackhia	prosodea	Lecanographaceae		DTOL	
4402	Kavinia	alboviridis	Lentariaceae	DTOL	DTOL	
4419	Microglossum	microsporum	Leotiaceae		DTOL	
4457	Aphanomyces	cochlioides	Leptolegniaceae		DTOL	
4459	Aphanomyces	stellatus	Leptolegniaceae		DTOL	
4460	Aphanomyces	astaci	Leptolegniaceae	DTOL	DTOL	
4461	Aphanomyces	euteiches	Leptolegniaceae	DTOL	DTOL	
4525	Synalissa	symphorea	Lichinaceae		DTOL	
4562	Pseudolithoderma	roscoffense	Lithodermataceae	DTOL	DTOL	
4565	Phymatolithon	calcareum	Lithothamniaceae	DTOL	DTOL	
4566	Phymatolithon	lenormandii	Lithothamniaceae	DTOL	DTOL	
4588	Lopadostoma	turgidum	Lopadostomataceae	DTOL	DTOL	
4652	Lycoperdon	pyriforme	Lycoperdaceae	DTOL	DTOL	
4664	Allogramma	formosa	Lyonsiellidae	DTOL	DTOL	
4665	Lyonsiella	abyssicola	Lyonsiellidae	DTOL	DTOL	
4727	Propolis	phacidioides	Marthamycetaceae	DTOL	DTOL	
4728	Polychidium	dendriscum	Massalongiaceae		DTOL	
4749	Graneledone	verrucosa	Megaleledonidae	DTOL	DTOL	
4750	Zeugophora	subspinosa	Megalopodidae	DTOL	DTOL	
4791	Asteridium	juniperinum	Meliolaceae		DTOL	
4797	Melogramma	campylosporum	Melogrammataceae	DTOL	DTOL	
4804	Meriderma	cribrarioides	Meridermatidae		DTOL	
4805	Meriderma	carestiae	Meridermatidae	DTOL	DTOL	
4816	Leptophytum	bornetii	Mesophyllumaceae	DTOL	DTOL	
4856	Microphor	crassipes	Microphoridae	DTOL	DTOL	
4879	Mitrula	alba	Mitrulaceae	DTOL	DTOL	
4880	Mitrula	serpentina	Mitrulaceae	DTOL	DTOL	
4947	Trichobelonium	kneiffii	Mollisiaceae		DTOL	
4999	Chaetocladium	brefeldii	Mucoraceae	DTOL	DTOL	
5065	Cyrtosia	marginata	Mythicomyiidae	DTOL	DTOL	
5073	Taeniolella	stilbospora	Mytilinidiaceae		DTOL	
5088	Gwynia	capsula	NA	DTOL	DTOL	
5103	Natrix	helvetica	Natricidae	DTOL	DTOL	
5110	Neckera	smithii	Neckeraceae		DTOL	
5185	Nutomonas	kenti	Nutomonadidae	DTOL	DTOL	
5190	Aglais	io	Nymphalidae	DTOL	DTOL	
5191	Aglais	urticae	Nymphalidae	DTOL	DTOL	
5193	Aphantopus	hyperantus	Nymphalidae	DTOL	DTOL	
5212	Polygonia	c-album	Nymphalidae	DTOL	DTOL	
5254	Halochlorococcum	moorei	Oltmannsiellopsidaceae	DTOL	DTOL	
5301	Opegrapha	xerica	Opegraphaceae		DTOL	
5303	Opegrapha	herbarum	Opegraphaceae	DTOL	DTOL	
5304	Opetia	nigra	Opetiidae	DTOL	DTOL	
5487	Oxyporus	populinus	Oxyporaceae		DTOL	
5498	Sphaerocystis	schroeteri	Palmellaceae	DTOL	DTOL	
5505	Parmeliella	thriptophylla	Pannariaceae		DTOL	
5510	Panurus	biarmicus	Panuridae	DTOL	DTOL	
5537	Vorticella	microstoma	Parameciidae	DTOL	DTOL	
5538	Blastodacna	hellerella	Parametriotidae	DTOL	DTOL	
5566	Rhizodiscina	lignyota	Patellariaceae		DTOL	
5579	Melanogaster	ambiguus	Paxillaceae		DTOL	
5580	Melanogaster	broomeanus	Paxillaceae		DTOL	
5589	Ciliophrys	infusionum	Pedinellaceaea	DTOL	DTOL	
5590	Carcina	quercana	Peleopodidae	DTOL	DTOL	
5600	Pemphredon	lugubris	Pemphredonidae	DTOL	DTOL	
5613	Scytomonas	saepesedens	Peranemataceae	DTOL	DTOL	
5627	Elongisporangium	undulatum	Peronosporaceae	DTOL	DTOL	
5650	Petrospongium	berkeleyi	Petrospongiaceae	DTOL	DTOL	
5658	Calycina	herbarum	Pezizellaceae		DTOL	
5659	Phialina	pseudopuberula	Pezizellaceae		DTOL	
5661	Pezizella	alniella	Pezizellaceae		DTOL	
5666	Cytotriplospora	pini	Phacidiaceae		DTOL	
5678	Lichenostigma	rugosum	Phaeococcomycetaceae	DTOL	DTOL	
5680	Sorapion	kjellmanii	Phaeophyceae familia incertae sedis	DTOL	DTOL	
5681	Sorapion	simulans	Phaeophyceae familia incertae sedis	DTOL	DTOL	
5697	Scotolemon	doriae	Phalangodidae	DTOL	DTOL	
5720	Phellia	gausapata	Phelliidae	DTOL	DTOL	
5722	Cerceris	quinquefasciata	Philanthidae	DTOL	DTOL	
5748	Colobopyga	kewensis	Phoenicococcidae	DTOL	DTOL	
5771	Mimulus	guttatus	Phrymaceae	DTOL	DTOL	
5824	Trichosporum	chartaceum	Piedraiaceae	DTOL	DTOL	
5825	Trichosporum	murinum	Piedraiaceae	DTOL	DTOL	
5928	Verticillium	nigrescens	Plectosphaerellaceae		DTOL	
5949	Pleurochrysis	carterae	Pleurochrysidaceae	DTOL	DTOL	
6035	Elymus	junceiformis	Poaceae		DTOL	
6099	Schedonorus	pratensis	Poaceae		DTOL	
6254	Harveylithon	samoÃ«nse	Porolithaceae	DTOL	DTOL	
6282	Weissia	x-mittenii	Pottiaceae		DTOL	
6423	Weissia	wimmeriana	Pottiaceae		DTOL	
6463	Protosteliopsis	fimicola	Protosteliida	DTOL	DTOL	
6464	Protostelium	mycophagum	Protosteliida	DTOL	DTOL	
6468	Prunella	modularis	Prunellidae	DTOL	DTOL	
6481	Psen	ater	Psenidae	DTOL	DTOL	
6487	Lescuraea	incurvata	Pseudoleskeaceae		DTOL	
6488	Lescuraea	saxicola	Pseudoleskeaceae		DTOL	
6489	Lescuraea	patens	Pseudoleskeaceae	DTOL	DTOL	
6490	Lescuraea	plicata	Pseudoleskeaceae	DTOL	DTOL	
6491	Pseudoleskeella	nervosa	Pseudoleskeellaceae		DTOL	
6492	Pseudoleskeella	catenulata	Pseudoleskeellaceae	DTOL	DTOL	
6493	Pseudoleskeella	rupestris	Pseudoleskeellaceae	DTOL	DTOL	
6495	Pseudomassaria	islandica	Pseudomassariaceae		DTOL	
6497	Pseudomassaria	thistletonia	Pseudomassariaceae		DTOL	
6501	Wentiomyces	sibiricus	Pseudoperisporiaceae		DTOL	
6506	Pseudovalsa	longipes	Pseudovalsaceae		DTOL	
6507	Pseudovalsa	modonia	Pseudovalsaceae		DTOL	
6508	Pseudovalsa	umbonata	Pseudovalsaceae		DTOL	
6537	Ptilidium	pulcherrimum	Ptilidiaceae	DTOL	DTOL	
6541	Cyrillia	linearis	Ptychatractidae	DTOL	DTOL	
6542	Raphitoma	purpurea	Ptychatractidae	DTOL	DTOL	
6576	Pyramimonas	urceolata	Pyramimonadophyceae	DTOL	DTOL	
6579	Rhinomonas	reticulata	Pyrenomonadacae	DTOL	DTOL	
6580	Rhodomonas	baltica	Pyrenomonadacae	DTOL	DTOL	
6691	Ferreria	marqueti	Raymondionymidae	DTOL	DTOL	
6766	Rhodochorton	purpureum	Rhodochortonaceae	DTOL	DTOL	
6774	Rhogostoma	micra	Rhogostomidae	DTOL	DTOL	
6775	Rhogostoma	chuessleri	Rhogostomidae	DTOL	DTOL	
6779	Tetragoniomyces	uliginosus	Rhynchogastremaceae	DTOL	DTOL	
6801	Peniophorella	guttulifera	Rickenellaceae		DTOL	
6805	Peniophorella	praetermissa	Rickenellaceae		DTOL	
6806	Peniophorella	pubera	Rickenellaceae		DTOL	
6843	Cotoneaster	integrifolius	Rosaceae		DTOL	
6920	Sorbus	scannelliana	Rosaceae		DTOL	
6943	Rozellopsis	inflata	Rozellopsidaceae	DTOL	DTOL	
6944	Rozellopsis	septigena	Rozellopsidaceae	DTOL	DTOL	
6984	Debaryomyces	hansenii	Saccharomycetaceae		DTOL	
7001	Metasphaeria	complanata	Saccotheciaceae		DTOL	
7002	Metasphaeria	hederae	Saccotheciaceae		DTOL	
7136	Schistochilopsis	opacifolia	Scapaniaceae		DTOL	
7163	Basidioradulum	radula	Schizoporaceae	DTOL	DTOL	
7174	Schmitziella	endophloea	Schmitziellaceae	DTOL	DTOL	
7198	Scoliciosporum	intrusum	Scoliciosporaceae		DTOL	
7200	Scoliciosporum	umbrinum	Scoliciosporaceae		DTOL	
7201	Scoliciosporum	chlorococcum	Scoliciosporaceae	DTOL	DTOL	
7254	Ciliospora	albida	Sebacinaceae		DTOL	
7255	Cristella	submutabilis	Sebacinaceae		DTOL	
7329	Solen	capensis	Solenidae	DTOL	DTOL	
7330	Lasiobelonium	nidulus	Solenopeziaceae	DTOL	DTOL	
7416	Sphinctrina	tubaeformis	Sphinctrinaceae		DTOL	
7437	Pascherina	tetras	Spondylimoraceae	DTOL	DTOL	
7451	Paradidymella	clarkii	Sporocadaceae		DTOL	
7452	Seimatosporium	macrospermum	Sporocadaceae		DTOL	
7453	Coryneopsis	microsticta	Sporocadaceae	DTOL	DTOL	
7469	Stauroneis	stimulans	Stauroneidaceae	DTOL	DTOL	
7477	Podocera	soniae	Stenomicridae	DTOL	DTOL	
7565	Chroodactylon	ornatum	Stylonemataceae	DTOL	DTOL	
7617	Tornus	subcarinatus	Tateidae	DTOL	DTOL	
7627	Massjukiella	polycarpa	Teloschistaceae		DTOL	
7667	Thalassionema	nitzschiodes	Thalassionemataceae	DTOL	DTOL	
7671	Allas	oxoniensis	Thaumatomonadida	DTOL	DTOL	
7677	Chromatochlamys	confusum	Thelenellaceae		DTOL	
7700	Scrippsiella	trochoidea	Thoracosphaeraceae	DTOL	DTOL	
7704	Platalea	leucorodia	Threskiornitidae	DTOL	DTOL	
7756	Dendryphiella	infuscans	Torulaceae	DTOL	DTOL	
7757	Dendryphiella	vinosa	Torulaceae	DTOL	DTOL	
7760	Sarea	resinae	Trapeliaceae		DTOL	
7764	Travisia	forbesii	Travisiidae	DTOL	DTOL	
7785	Trieres	mobiliensis	Tricertatiaceae	DTOL	DTOL	
7786	Trieres	chinensis	Tricertatiaceae	DTOL	DTOL	
7831	Trixoscelis	marginella	Trixoscelididae	DTOL	DTOL	
7838	Troglodytes	troglodytes	Troglodytidae	DTOL	DTOL	
7901	Hormidiopsis	crenulata	Ulotrichaceae	DTOL	DTOL	
7902	Chlorocystis	salina	Ultrichaceae	DTOL	DTOL	
7956	Amphiporthe	leiphaemia	Valsaceae	DTOL	DTOL	
7963	Vannella	anglica	Vannellida	DTOL	DTOL	
7976	Oramasia	hirsuta	Vermiculariopsiellaceae		DTOL	
8046	Victorella	pavida	Victorellidae	DTOL	DTOL	
8062	Circulus	striatus	Vitrinellidae	DTOL	DTOL	
8096	Lambiella	gyrizans	Xylographaceae		DTOL	
8097	Lambiella	insularis	Xylographaceae		DTOL	
8098	Spiloma	auratum	Xylographaceae		DTOL	
8099	Spiloma	nigrum	Xylographaceae		DTOL	
8100	Xylographa	parallela	Xylographaceae	DTOL	DTOL	
8102	Xylophagus	ater	Xylophagidae	DTOL	DTOL	
8106	Hyperoodon	ampullatus	Ziphidae	DTOL	DTOL	
8107	Mesoplodon	bidens	Ziphidae		DTOL	DTOL
8108	Mesoplodon	densirostris	Ziphidae		DTOL	DTOL
8109	Mesoplodon	europaeus	Ziphidae		DTOL	DTOL
8110	Mesoplodon	grayi	Ziphidae		DTOL	DTOL
8111	Mesoplodon	mirus	Ziphidae		DTOL	DTOL
8112	Pseudorca	crassidens	Ziphidae		DTOL	DTOL
8113	Ziphius	cavirostris	Ziphidae		DTOL	DTOL
